date,wei
2008-01-05,1.97
2008-01-12,1.96
2008-01-19,1.92
2008-01-26,1.43
2008-02-02,1.16
2008-02-09,1.14
2008-02-16,1.64
2008-02-23,1.43
2008-03-01,1.45
2008-03-08,0.98
2008-03-15,1.22
2008-03-22,1.27
2008-03-29,1.69
2008-04-05,1.63
2008-04-12,1.4
2008-04-19,1.5
2008-04-26,1.08
2008-05-03,1.06
2008-05-10,1.08
2008-05-17,0.97
2008-05-24,0.91
2008-05-31,0.87
2008-06-07,1.09
2008-06-14,0.92
2008-06-21,0.58
2008-06-28,1.04
2008-07-05,1.21
2008-07-12,0.82
2008-07-19,0.76
2008-07-26,0.89
2008-08-02,0.92
2008-08-09,0.75
2008-08-16,0.5
2008-08-23,0.54
2008-08-30,0.73
2008-09-06,0.59
2008-09-13,0.24
2008-09-20,-0.04
2008-09-27,-0.19
2008-10-04,-0.26
2008-10-11,-0.33
2008-10-18,-0.4
2008-10-25,-0.4
2008-11-01,-0.48
2008-11-08,-1.1
2008-11-15,-1.44
2008-11-22,-0.45
2008-11-29,-2.33
2008-12-06,-1.93
2008-12-13,-1.85
2008-12-20,-2.59
2008-12-27,-2.67
2009-01-03,-3.01
2009-01-10,-2.77
2009-01-17,-2.72
2009-01-24,-2.49
2009-01-31,-2.75
2009-02-07,-2.65
2009-02-14,-3.13
2009-02-21,-3.28
2009-02-28,-3.49
2009-03-07,-3.01
2009-03-14,-3.02
2009-03-21,-2.68
2009-03-28,-3.23
2009-04-04,-3.01
2009-04-11,-3.09
2009-04-18,-3.31
2009-04-25,-3.03
2009-05-02,-2.98
2009-05-09,-3.11
2009-05-16,-3.03
2009-05-23,-2.93
2009-05-30,-3.1
2009-06-06,-3.38
2009-06-13,-3.29
2009-06-20,-3.02
2009-06-27,-3.24
2009-07-04,-2.9
2009-07-11,-3.23
2009-07-18,-3.0
2009-07-25,-3.13
2009-08-01,-2.9
2009-08-08,-2.81
2009-08-15,-2.35
2009-08-22,-2.28
2009-08-29,-2.28
2009-09-05,-1.68
2009-09-12,-2.16
2009-09-19,-1.44
2009-09-26,-1.36
2009-10-03,-1.17
2009-10-10,-0.87
2009-10-17,-0.75
2009-10-24,-0.5
2009-10-31,-0.21
2009-11-07,0.14
2009-11-14,0.59
2009-11-21,0.88
2009-11-28,1.39
2009-12-05,1.2
2009-12-12,1.41
2009-12-19,2.31
2009-12-26,2.54
2010-01-02,2.13
2010-01-09,2.05
2010-01-16,2.12
2010-01-23,1.95
2010-01-30,2.39
2010-02-06,2.65
2010-02-13,2.79
2010-02-20,3.39
2010-02-27,3.65
2010-03-06,3.67
2010-03-13,3.64
2010-03-20,3.53
2010-03-27,4.08
2010-04-03,3.72
2010-04-10,3.99
2010-04-17,4.08
2010-04-24,4.12
2010-05-01,4.39
2010-05-08,4.55
2010-05-15,4.43
2010-05-22,4.11
2010-05-29,5.05
2010-06-05,4.28
2010-06-12,4.32
2010-06-19,4.44
2010-06-26,4.36
2010-07-03,4.77
2010-07-10,3.78
2010-07-17,4.02
2010-07-24,4.4
2010-07-31,4.08
2010-08-07,4.0
2010-08-14,3.94
2010-08-21,3.98
2010-08-28,3.84
2010-09-04,4.1
2010-09-11,3.8
2010-09-18,3.65
2010-09-25,3.85
2010-10-02,3.5
2010-10-09,3.19
2010-10-16,3.44
2010-10-23,3.65
2010-10-30,3.47
2010-11-06,3.47
2010-11-13,3.35
2010-11-20,3.23
2010-11-27,3.44
2010-12-04,3.66
2010-12-11,3.39
2010-12-18,3.26
2010-12-25,4.29
2011-01-01,3.63
2011-01-08,3.28
2011-01-15,3.23
2011-01-22,3.32
2011-01-29,3.3
2011-02-05,2.92
2011-02-12,3.39
2011-02-19,3.04
2011-02-26,2.82
2011-03-05,2.92
2011-03-12,3.01
2011-03-19,3.04
2011-03-26,2.76
2011-04-02,3.01
2011-04-09,3.02
2011-04-16,2.92
2011-04-23,2.85
2011-04-30,2.47
2011-05-07,2.14
2011-05-14,2.54
2011-05-21,2.45
2011-05-28,2.27
2011-06-04,2.47
2011-06-11,2.42
2011-06-18,2.36
2011-06-25,2.08
2011-07-02,2.5
2011-07-09,2.3
2011-07-16,2.26
2011-07-23,2.25
2011-07-30,2.59
2011-08-06,2.62
2011-08-13,2.07
2011-08-20,2.06
2011-08-27,2.31
2011-09-03,2.16
2011-09-10,2.13
2011-09-17,2.16
2011-09-24,1.99
2011-10-01,2.41
2011-10-08,2.47
2011-10-15,2.3
2011-10-22,1.97
2011-10-29,2.34
2011-11-05,2.25
2011-11-12,2.34
2011-11-19,2.25
2011-11-26,2.17
2011-12-03,2.03
2011-12-10,1.78
2011-12-17,2.36
2011-12-24,2.45
2011-12-31,1.88
2012-01-07,1.57
2012-01-14,1.72
2012-01-21,2.07
2012-01-28,1.52
2012-02-04,1.73
2012-02-11,1.77
2012-02-18,1.79
2012-02-25,1.98
2012-03-03,1.94
2012-03-10,2.03
2012-03-17,1.67
2012-03-24,2.11
2012-03-31,2.26
2012-04-07,2.32
2012-04-14,2.28
2012-04-21,2.22
2012-04-28,2.52
2012-05-05,2.82
2012-05-12,2.33
2012-05-19,2.3
2012-05-26,2.57
2012-06-02,2.18
2012-06-09,2.16
2012-06-16,2.17
2012-06-23,2.34
2012-06-30,2.43
2012-07-07,2.43
2012-07-14,2.15
2012-07-21,1.95
2012-07-28,2.07
2012-08-04,2.27
2012-08-11,2.44
2012-08-18,2.13
2012-08-25,1.93
2012-09-01,2.4
2012-09-08,2.55
2012-09-15,2.26
2012-09-22,2.19
2012-09-29,2.3
2012-10-06,2.22
2012-10-13,2.34
2012-10-20,2.18
2012-10-27,2.06
2012-11-03,1.54
2012-11-10,1.94
2012-11-17,2.17
2012-11-24,2.46
2012-12-01,2.21
2012-12-08,1.77
2012-12-15,2.21
2012-12-22,2.44
2012-12-29,2.32
2013-01-05,2.53
2013-01-12,2.83
2013-01-19,2.61
2013-01-26,2.67
2013-02-02,2.54
2013-02-09,2.18
2013-02-16,2.33
2013-02-23,2.22
2013-03-02,2.21
2013-03-09,1.98
2013-03-16,2.08
2013-03-23,2.1
2013-03-30,1.85
2013-04-06,1.84
2013-04-13,1.71
2013-04-20,1.96
2013-04-27,1.68
2013-05-04,1.51
2013-05-11,1.75
2013-05-18,2.09
2013-05-25,1.7
2013-06-01,2.14
2013-06-08,1.81
2013-06-15,2.3
2013-06-22,2.18
2013-06-29,2.4
2013-07-06,2.24
2013-07-13,2.25
2013-07-20,2.54
2013-07-27,2.14
2013-08-03,2.1
2013-08-10,2.09
2013-08-17,2.19
2013-08-24,2.46
2013-08-31,2.66
2013-09-07,2.59
2013-09-14,2.78
2013-09-21,2.39
2013-09-28,2.28
2013-10-05,2.45
2013-10-12,2.21
2013-10-19,2.16
2013-10-26,2.66
2013-11-02,3.17
2013-11-09,2.38
2013-11-16,2.49
2013-11-23,3.58
2013-11-30,2.17
2013-12-07,2.14
2013-12-14,2.39
2013-12-21,2.76
2013-12-28,2.56
2014-01-04,2.12
2014-01-11,1.61
2014-01-18,1.72
2014-01-25,2.23
2014-02-01,2.12
2014-02-08,1.96
2014-02-15,2.07
2014-02-22,2.21
2014-03-01,2.39
2014-03-08,2.73
2014-03-15,2.88
2014-03-22,2.74
2014-03-29,2.88
2014-04-05,2.85
2014-04-12,2.72
2014-04-19,2.37
2014-04-26,2.72
2014-05-03,2.82
2014-05-10,2.92
2014-05-17,2.45
2014-05-24,2.76
2014-05-31,2.71
2014-06-07,2.6
2014-06-14,2.51
2014-06-21,2.48
2014-06-28,2.18
2014-07-05,2.91
2014-07-12,2.54
2014-07-19,2.15
2014-07-26,2.55
2014-08-02,2.89
2014-08-09,2.65
2014-08-16,2.56
2014-08-23,2.65
2014-08-30,2.77
2014-09-06,2.58
2014-09-13,2.47
2014-09-20,2.66
2014-09-27,2.64
2014-10-04,2.62
2014-10-11,2.85
2014-10-18,2.74
2014-10-25,2.66
2014-11-01,2.51
2014-11-08,2.67
2014-11-15,2.62
2014-11-22,2.87
2014-11-29,2.89
2014-12-06,3.07
2014-12-13,2.98
2014-12-20,3.21
2014-12-27,3.31
2015-01-03,2.51
2015-01-10,3.08
2015-01-17,2.99
2015-01-24,2.51
2015-01-31,2.6
2015-02-07,2.61
2015-02-14,3.04
2015-02-21,2.74
2015-02-28,2.34
2015-03-07,2.17
2015-03-14,2.34
2015-03-21,2.25
2015-03-28,2.41
2015-04-04,2.29
2015-04-11,2.12
2015-04-18,2.38
2015-04-25,2.33
2015-05-02,2.22
2015-05-09,2.13
2015-05-16,2.18
2015-05-23,1.97
2015-05-30,1.68
2015-06-06,2.15
2015-06-13,2.14
2015-06-20,2.08
2015-06-27,2.0
2015-07-04,1.91
2015-07-11,1.77
2015-07-18,2.26
2015-07-25,1.88
2015-08-01,2.0
2015-08-08,2.01
2015-08-15,2.37
2015-08-22,1.91
2015-08-29,1.57
2015-09-05,2.3
2015-09-12,1.53
2015-09-19,2.0
2015-09-26,1.83
2015-10-03,2.01
2015-10-10,1.63
2015-10-17,1.91
2015-10-24,1.74
2015-10-31,1.59
2015-11-07,1.47
2015-11-14,1.26
2015-11-21,0.81
2015-11-28,1.34
2015-12-05,1.49
2015-12-12,0.72
2015-12-19,0.87
2015-12-26,1.02
2016-01-02,0.8
2016-01-09,0.65
2016-01-16,0.85
2016-01-23,1.03
2016-01-30,1.17
2016-02-06,1.33
2016-02-13,1.43
2016-02-20,1.54
2016-02-27,1.28
2016-03-05,1.54
2016-03-12,1.14
2016-03-19,1.12
2016-03-26,0.94
2016-04-02,1.15
2016-04-09,1.54
2016-04-16,1.47
2016-04-23,1.3
2016-04-30,1.62
2016-05-07,1.32
2016-05-14,1.68
2016-05-21,1.44
2016-05-28,2.44
2016-06-04,1.36
2016-06-11,1.63
2016-06-18,1.72
2016-06-25,1.76
2016-07-02,2.36
2016-07-09,1.27
2016-07-16,1.64
2016-07-23,1.97
2016-07-30,1.84
2016-08-06,1.99
2016-08-13,1.65
2016-08-20,1.77
2016-08-27,1.83
2016-09-03,1.73
2016-09-10,1.65
2016-09-17,1.66
2016-09-24,1.64
2016-10-01,1.91
2016-10-08,1.93
2016-10-15,1.69
2016-10-22,1.75
2016-10-29,1.98
2016-11-05,2.14
2016-11-12,1.99
2016-11-19,2.35
2016-11-26,2.21
2016-12-03,2.05
2016-12-10,2.25
2016-12-17,2.55
2016-12-24,3.37
2016-12-31,2.3
2017-01-07,1.89
2017-01-14,2.14
2017-01-21,1.49
2017-01-28,2.47
2017-02-04,2.79
2017-02-11,1.88
2017-02-18,2.3
2017-02-25,2.38
2017-03-04,2.54
2017-03-11,2.93
2017-03-18,2.73
2017-03-25,2.94
2017-04-01,2.84
2017-04-08,2.61
2017-04-15,2.56
2017-04-22,2.42
2017-04-29,2.76
2017-05-06,2.69
2017-05-13,2.51
2017-05-20,2.86
2017-05-27,2.22
2017-06-03,2.31
2017-06-10,2.26
2017-06-17,2.76
2017-06-24,2.31
2017-07-01,2.51
2017-07-08,2.65
2017-07-15,2.51
2017-07-22,2.41
2017-07-29,2.53
2017-08-05,2.53
2017-08-12,2.29
2017-08-19,2.62
2017-08-26,2.67
2017-09-02,2.14
2017-09-09,2.37
2017-09-16,2.41
2017-09-23,2.81
2017-09-30,2.67
2017-10-07,2.69
2017-10-14,2.83
2017-10-21,2.68
2017-10-28,2.53
2017-11-04,2.6
2017-11-11,2.67
2017-11-18,2.76
2017-11-25,2.52
2017-12-02,2.63
2017-12-09,2.49
2017-12-16,2.51
2017-12-23,3.0
2017-12-30,2.88
2018-01-06,2.64
2018-01-13,2.9
2018-01-20,3.09
2018-01-27,2.74
2018-02-03,2.35
2018-02-10,2.71
2018-02-17,2.59
2018-02-24,2.6
2018-03-03,2.61
2018-03-10,2.36
2018-03-17,2.56
2018-03-24,2.49
2018-03-31,2.49
2018-04-07,2.41
2018-04-14,2.74
2018-04-21,2.55
2018-04-28,2.24
2018-05-05,2.66
2018-05-12,2.6
2018-05-19,2.18
2018-05-26,2.82
2018-06-02,2.65
2018-06-09,2.76
2018-06-16,2.18
2018-06-23,2.34
2018-06-30,2.76
2018-07-07,2.64
2018-07-14,2.52
2018-07-21,2.51
2018-07-28,2.39
2018-08-04,2.54
2018-08-11,2.74
2018-08-18,2.66
2018-08-25,2.85
2018-09-01,3.7
2018-09-08,3.09
2018-09-15,2.95
2018-09-22,2.95
2018-09-29,2.85
2018-10-06,3.08
2018-10-13,2.76
2018-10-20,2.53
2018-10-27,2.94
2018-11-03,2.72
2018-11-10,2.78
2018-11-17,2.58
2018-11-24,2.97
2018-12-01,2.78
2018-12-08,2.79
2018-12-15,2.89
2018-12-22,2.67
2018-12-29,2.34
2019-01-05,2.11
2019-01-12,2.19
2019-01-19,2.59
2019-01-26,2.46
2019-02-02,2.21
2019-02-09,1.82
2019-02-16,2.0
2019-02-23,2.43
2019-03-02,2.18
2019-03-09,2.19
2019-03-16,2.15
2019-03-23,1.96
2019-03-30,2.23
2019-04-06,2.33
2019-04-13,2.12
2019-04-20,2.5
2019-04-27,2.22
2019-05-04,2.22
2019-05-11,2.08
2019-05-18,1.9
2019-05-25,1.96
2019-06-01,2.09
2019-06-08,1.99
2019-06-15,2.05
2019-06-22,2.16
2019-06-29,2.0
2019-07-06,2.25
2019-07-13,1.81
2019-07-20,2.09
2019-07-27,1.9
2019-08-03,2.09
2019-08-10,1.86
2019-08-17,1.8
2019-08-24,1.86
2019-08-31,1.63
2019-09-07,1.89
2019-09-14,1.77
2019-09-21,1.55
2019-09-28,1.79
2019-10-05,1.73
2019-10-12,1.65
2019-10-19,1.73
2019-10-26,1.7
2019-11-02,1.78
2019-11-09,1.72
2019-11-16,1.6
2019-11-23,2.64
2019-11-30,1.22
2019-12-07,1.25
2019-12-14,1.63
2019-12-21,2.07
2019-12-28,2.08
2020-01-04,1.78
2020-01-11,1.33
2020-01-18,1.62
2020-01-25,1.7
2020-02-01,2.04
2020-02-08,1.96
2020-02-15,1.69
2020-02-22,1.62
2020-02-29,1.62
2020-03-07,1.39
2020-03-14,1.28
2020-03-21,-0.9
2020-03-28,-3.65
2020-04-04,-5.54
2020-04-11,-7.55
2020-04-18,-7.99
2020-04-25,-8.12
2020-05-02,-8.15
2020-05-09,-7.32
2020-05-16,-7.34
2020-05-23,-6.9
2020-05-30,-6.69
2020-06-06,-6.34
2020-06-13,-5.64
2020-06-20,-5.07
2020-06-27,-4.88
2020-07-04,-4.39
2020-07-11,-4.19
2020-07-18,-4.86
2020-07-25,-4.26
2020-08-01,-4.0
2020-08-08,-3.57
2020-08-15,-3.55
2020-08-22,-2.83
2020-08-29,-2.22
2020-09-05,-2.31
2020-09-12,-3.39
2020-09-19,-2.42
2020-09-26,-2.46
2020-10-03,-2.1
2020-10-10,-1.75
2020-10-17,-1.84
2020-10-24,-1.36
2020-10-31,-1.15
2020-11-07,-1.08
2020-11-14,-1.16
2020-11-21,-1.09
2020-11-28,-0.42
2020-12-05,-0.73
2020-12-12,-0.91
2020-12-19,-0.29
2020-12-26,0.93
2021-01-02,-0.27
2021-01-09,0.32
2021-01-16,0.34
2021-01-23,0.42
2021-01-30,-0.02
2021-02-06,-0.01
2021-02-13,0.54
2021-02-20,-0.9
2021-02-27,0.15
2021-03-06,1.04
2021-03-13,1.22
2021-03-20,3.88
2021-03-27,6.65
2021-04-03,8.32
2021-04-10,10.33
2021-04-17,10.28
2021-04-24,10.62
2021-05-01,10.63
2021-05-08,9.9
2021-05-15,9.92
2021-05-22,9.82
2021-05-29,9.9
2021-06-05,8.29
2021-06-12,9.07
2021-06-19,8.74
2021-06-26,8.32
2021-07-03,8.68
2021-07-10,6.85
2021-07-17,7.47
2021-07-24,7.38
2021-07-31,7.34
2021-08-07,6.73
2021-08-14,7.14
2021-08-21,6.49
2021-08-28,7.15
2021-09-04,6.82
2021-09-11,6.84
2021-09-18,6.69
2021-09-25,6.7
2021-10-02,6.73
2021-10-09,6.14
2021-10-16,6.59
2021-10-23,5.61
2021-10-30,5.98
2021-11-06,5.51
2021-11-13,5.48
2021-11-20,5.89
2021-11-27,6.48
2021-12-04,5.75
2021-12-11,6.26
2021-12-18,5.51
2021-12-25,6.4
2022-01-01,5.59
2022-01-08,4.64
2022-01-15,4.96
2022-01-22,5.07
2022-01-29,5.46
2022-02-05,5.26
2022-02-12,5.15
2022-02-19,6.27
2022-02-26,5.23
2022-03-05,4.81
2022-03-12,4.76
2022-03-19,4.95
2022-03-26,4.46
2022-04-02,4.74
2022-04-09,4.46
2022-04-16,4.48
2022-04-23,4.4
2022-04-30,4.5
2022-05-07,4.39
2022-05-14,4.29
2022-05-21,3.7
2022-05-28,3.65
2022-06-04,3.98
2022-06-11,2.94
2022-06-18,3.4
2022-06-25,3.14
2022-07-02,3.55
2022-07-09,3.04
2022-07-16,3.36
2022-07-23,3.48
2022-07-30,3.28
2022-08-06,3.48
2022-08-13,3.32
2022-08-20,3.2
2022-08-27,2.92
2022-09-03,3.15
2022-09-10,2.96
2022-09-17,2.23
2022-09-24,3.06
2022-10-01,2.6
2022-10-08,2.23
2022-10-15,2.19
2022-10-22,2.6
2022-10-29,2.63
2022-11-05,2.41
2022-11-12,2.0
2022-11-19,1.68
2022-11-26,1.94
2022-12-03,1.61
2022-12-10,1.07
2022-12-17,1.84
2022-12-24,2.24
2022-12-31,1.76
2023-01-07,1.25
2023-01-14,1.39
2023-01-21,1.26
2023-01-28,1.52
2023-02-04,1.39
2023-02-11,1.29
2023-02-18,1.43
2023-02-25,1.45
2023-03-04,1.09
2023-03-11,1.3
2023-03-18,1.4
2023-03-25,1.75
2023-04-01,1.91
2023-04-08,1.32
2023-04-15,1.15
2023-04-22,1.41
2023-04-29,1.22
2023-05-06,1.39
2023-05-13,1.08
2023-05-20,1.41
2023-05-27,1.22
2023-06-03,1.23
2023-06-10,1.22
2023-06-17,1.45
2023-06-24,1.54
2023-07-01,1.42
2023-07-08,1.46
2023-07-15,1.66
2023-07-22,1.33
2023-07-29,1.88
2023-08-05,1.58
2023-08-12,1.24
2023-08-19,1.93
2023-08-26,2.01
2023-09-02,1.91
2023-09-09,2.09
2023-09-16,2.41
2023-09-23,1.71
2023-09-30,1.83
2023-10-07,2.15
2023-10-14,2.12
2023-10-21,2.17
2023-10-28,2.01
2023-11-04,2.1
2023-11-11,2.17
2023-11-18,2.04
2023-11-25,1.94
2023-12-02,2.3
2023-12-09,2.18
2023-12-16,2.07
2023-12-23,2.51
2023-12-30,2.13
2024-01-06,2.54
2024-01-13,1.87
2024-01-20,1.52
2024-01-27,1.51
2024-02-03,2.16
2024-02-10,1.56
2024-02-17,1.65
2024-02-24,1.76
2024-03-02,2.2
2024-03-09,1.8
2024-03-16,1.68
2024-03-23,1.85
2024-03-30,1.91
2024-04-06,1.79
2024-04-13,1.91
2024-04-20,1.75
2024-04-27,1.82
2024-05-04,1.52
2024-05-11,2.05
2024-05-18,1.88
2024-05-25,2.53
2024-06-01,2.07
2024-06-08,2.4
2024-06-15,2.26
2024-06-22,2.19
2024-06-29,2.41
2024-07-06,2.71
2024-07-13,1.85
2024-07-20,2.02
2024-07-27,1.72
2024-08-03,1.86
2024-08-10,2.03
2024-08-17,2.06
2024-08-24,2.01
2024-08-31,2.38
2024-09-07,2.04
2024-09-14,2.07
2024-09-21,2.43
2024-09-28,2.11
2024-10-05,2.26
2024-10-12,1.97
2024-10-19,1.75
2024-10-26,2.15
2024-11-02,1.68
2024-11-09,2.07
2024-11-16,1.9
2024-11-23,3.23
2024-11-30,1.75
2024-12-07,2.19
2024-12-14,2.81
2024-12-21,2.5
2024-12-28,2.73
2025-01-04,2.0
2025-01-11,2.3
2025-01-18,2.83
2025-01-25,2.82
2025-02-01,2.42
2025-02-08,2.58
2025-02-15,2.53
2025-02-22,2.45
2025-03-01,2.28
2025-03-08,2.63
2025-03-15,2.36
2025-03-22,2.11
2025-03-29,2.31
2025-04-05,3.1
2025-04-12,2.6
2025-04-19,2.69
2025-04-26,2.35
2025-05-03,2.59
2025-05-10,2.12
2025-05-17,1.95
2025-05-24,2.07
2025-05-31,1.81
2025-06-07,1.99
2025-06-14,2.05
2025-06-21,2.38
2025-06-28,2.17
2025-07-05,2.67
2025-07-12,2.38
2025-07-19,2.27
2025-07-26,2.61
2025-08-02,2.63
2025-08-09,2.54
2025-08-16,2.57
2025-08-23,2.64
2025-08-30,2.25
2025-09-06,2.35
2025-09-13,2.33
2025-09-20,2.08
2025-09-27,2.39
2025-10-04,2.46
2025-10-11,2.52
2025-10-18,2.15
2025-10-25,2.04
2025-11-01,2.29
2025-11-08,1.97
2025-11-15,2.35
2025-11-22,2.21
2025-11-29,2.28
2025-12-06,2.32
2025-12-13,2.33
2025-12-20,2.23
2025-12-27,2.53
2026-01-03,1.89
2026-01-10,2.5
2026-01-17,2.19
2026-01-24,2.51
2026-01-31,2.23
2026-02-07,2.67
2026-02-14,2.92
2026-02-21,2.63
2026-02-28,2.5
2026-03-07,2.69
2026-03-14,2.65
2026-03-21,2.84
2026-03-28,2.88
2026-04-04,2.71
2026-04-11,2.75
2026-04-18,2.55
2026-04-25,2.97
2026-05-02,2.62
2026-05-09,2.76
2026-05-16,3.03
2026-05-23,3.05
2026-05-30,3.25
2026-06-06,2.92
2026-06-13,3.13
2026-06-20,2.59
2026-06-27,2.57
2026-07-04,3.14
2026-07-11,2.63
2026-07-18,2.89
2026-07-25,2.44
2026-08-01,2.73
2026-08-08,2.73
2026-08-15,2.61
2026-08-22,2.86
2026-08-29,3.05
2026-09-05,3.76
2026-09-12,3.05
2026-09-19,3.02
2026-09-26,2.93
