date,total,pceGoods,pceServices,fixedInv,govt,netExports,inventories
2014-05-01,3.8686,,,,,,
2014-05-02,4.1857,,,,,,
2014-05-06,4.04997310155021,,,,,,
2014-05-09,3.713242476715095,,,,,,
2014-05-12,3.610116783889694,,,,,,
2014-05-13,3.5977268775625904,,,,,,
2014-05-15,3.233305597457914,,,,,,
2014-05-16,3.2372988862484853,,,,,,
2014-05-22,3.2433191406512574,,,,,,
2014-05-23,3.173445132042052,,,,,,
2014-05-27,3.137836210408529,,,,,,
2014-05-30,2.7027239222744637,,,,,,
2014-06-02,3.1549223743267296,,,,,,
2014-06-03,3.1177295366252356,,,,,,
2014-06-04,2.62604659127883,,,,,,
2014-06-06,2.6841711510985355,,,,,,
2014-06-10,2.9351405335341196,,,,,,
2014-06-11,2.9482092202317123,,,,,,
2014-06-12,2.8857029819167934,,,,,,
2014-06-16,2.950898696821014,,,,,,
2014-06-17,2.8135233226241674,,,,,,
2014-06-23,2.935454067119281,,,,,,
2014-06-24,3.0046921785203518,,,,,,
2014-06-26,2.1966268376689024,,,,,,
2014-07-01,2.4767448984191143,,,,,,
2014-07-02,2.4395726997009204,,,,,,
2014-07-03,2.604447791463338,,,,,,
2014-07-10,2.573361938259011,,,,,,
2014-07-11,2.4735946046711588,,,,,,
2014-07-15,2.7073029633756462,,,,,,
2014-07-16,2.720283475355423,,,,,,
2014-07-17,2.7021619577906275,,,,,,
2014-07-22,2.701613339861897,,,,,,
2014-07-24,2.738221412128139,,,,,,
2014-07-25,2.666613540054774,,,,,,
2014-08-04,2.6102606965163977,,,,,,
2014-08-05,2.627007237071477,,,,,,
2014-08-06,2.771186267833592,,,,,,
2014-08-08,2.9470578341870945,,,,,,
2014-08-12,2.8272873955244915,,,,,,
2014-08-13,2.726758110676286,,,,,,
2014-08-15,2.8990288814794596,,,,,,
2014-08-19,3.011576759202539,,,,,,
2014-08-21,3.0329086784358195,,,,,,
2014-08-25,3.0165921346572144,,,,,,
2014-08-26,3.1553434791584456,,,,,,
2014-08-29,2.282019691088233,,,,,,
2014-09-02,3.2486429895880464,,,,,,
2014-09-03,3.2526695627295155,,,,,,
2014-09-04,3.640029475505857,,,,,,
2014-09-05,3.1336280000735073,,,,,,
2014-09-10,3.018272182720416,,,,,,
2014-09-11,3.0643695171331364,,,,,,
2014-09-12,3.3661757965346206,,,,,,
2014-09-15,3.1628569990571176,,,,,,
2014-09-17,3.1898980194270177,,,,,,
2014-09-18,3.2114267263470886,,,,,,
2014-09-22,3.217713213084461,,,,,,
2014-09-24,3.2867908225625575,,,,,,
2014-09-25,3.29131056901526,,,,,,
2014-09-29,3.572828228011282,,,,,,
2014-10-01,3.2939924165453327,,,,,,
2014-10-02,3.0631908983691503,,,,,,
2014-10-03,3.1898258193781004,,,,,,
2014-10-09,3.1760753754141335,,,,,,
2014-10-15,2.9392175152505695,,,,,,
2014-10-16,3.019165134413937,,,,,,
2014-10-17,3.0451586204325753,,,,,,
2014-10-21,3.0572836809209747,,,,,,
2014-10-22,3.0257091145321047,,,,,,
2014-10-24,2.747401791014914,,,,,,
2014-10-28,2.6998986548669057,,,,,,
2014-10-31,2.053698172870755,,,,,,
2014-11-03,3.2618412459960444,,,,,,
2014-11-04,3.14598358825926,,,,,,
2014-11-05,3.0672673842504494,,,,,,
2014-11-07,2.167112102682456,,,,,,
2014-11-12,2.2611685634732703,,,,,,
2014-11-13,2.417569977209344,,,,,,
2014-11-14,2.5870843561871304,,,,,,
2014-11-17,2.2216519581857774,,,,,,
2014-11-19,2.271872224554694,,,,,,
2014-11-20,2.2077721373877646,,,,,,
2014-11-26,2.330368500800173,,,,,,
2014-12-01,3.1135957148546334,,,,,,
2014-12-02,3.0158800480320602,,,,,,
2014-12-05,2.10863419731111,,,,,,
2014-12-09,2.10134230006207,,,,,,
2014-12-11,2.2325693028564686,,,,,,
2014-12-15,2.5593741001171066,,,,,,
2014-12-16,2.7438898186225247,,,,,,
2014-12-17,2.838022004942875,,,,,,
2014-12-23,2.978384045454363,,,,,,
2015-01-02,3.0618196015142374,,,,,,
2015-01-06,3.0067169732858723,,,,,,
2015-01-07,3.255150601466106,,,,,,
2015-01-09,3.5074495736099554,,,,,,
2015-01-13,3.767383341898989,,,,,,
2015-01-14,3.382981138132779,,,,,,
2015-01-16,3.4596684741498684,,,,,,
2015-01-21,3.467710052477324,,,,,,
2015-01-23,3.5299025743973145,,,,,,
2015-01-27,3.4917880647771016,,,,,,
2015-02-02,1.9055505450382704,,,,,,
2015-02-03,2.257592775094741,,,,,,
2015-02-05,2.148943082534771,,,,,,
2015-02-06,2.245700162945319,,,,,,
2015-02-10,2.2751461080293245,,,,,,
2015-02-12,2.2147881506635603,,,,,,
2015-02-13,2.2956489906424737,,,,,,
2015-02-18,1.9451186149464395,,,,,,
2015-02-23,1.8205101747917007,,,,,,
2015-02-26,1.67069039462584,,,,,,
2015-03-02,1.2183464310046688,,,,,,
2015-03-05,1.301931469419726,,,,,,
2015-03-06,1.1849943655795947,,,,,,
2015-03-10,1.3582610828052788,,,,,,
2015-03-12,0.6462400198214535,,,,,,
2015-03-13,0.7653296654130948,,,,,,
2015-03-16,0.42244240080846485,,,,,,
2015-03-17,0.3142407936876701,,,,,,
2015-03-23,0.3458388950658975,,,,,,
2015-03-24,0.34578279241701537,,,,,,
2015-03-25,0.22365754853597153,,,,,,
2015-03-30,0.22242661057489954,,,,,,
2015-04-01,0.010638250188943488,,,,,,
2015-04-02,0.13389995848589464,,,,,,
2015-04-03,0.23214638463544546,,,,,,
2015-04-06,0.24006358634562908,,,,,,
2015-04-09,0.3416624872273788,,,,,,
2015-04-10,0.2892913218686566,,,,,,
2015-04-13,0.21866534130938753,,,,,,
2015-04-14,0.16325411574109605,,,,,,
2015-04-15,0.14341655669758424,,,,,,
2015-04-16,0.09288952246224724,,,,,,
2015-04-17,0.13099960341731443,,,,,,
2015-04-22,0.19021856026621986,,,,,,
2015-04-23,0.1994831751604309,,,,,,
2015-04-24,0.09875645704413571,,,,,,
2015-04-30,0.9310164254746844,,,,,,
2015-05-01,0.8281747509905513,,,,,,
2015-05-04,0.8598607752836385,,,,,,
2015-05-05,0.7641473066827942,,,,,,
2015-05-08,0.8126257629629929,,,,,,
2015-05-12,0.7841417621992974,,,,,,
2015-05-13,0.7387252417508039,,,,,,
2015-05-15,0.5808921361892816,,,,,,
2015-05-19,0.6715357238840758,,,,,,
2015-05-21,0.5594016074336849,,,,,,
2015-05-22,0.5698186979911757,,,,,,
2015-05-26,0.8075568772465624,,,,,,
2015-06-01,0.7832317971516289,,,,,,
2015-06-02,0.7657340482974284,,,,,,
2015-06-03,1.1057486636909752,,,,,,
2015-06-04,1.3775484930317994,,,,,,
2015-06-05,1.4636251838626713,,,,,,
2015-06-09,1.5177262359858945,,,,,,
2015-06-10,1.4949160286224839,,,,,,
2015-06-11,1.9340200738412694,,,,,,
2015-06-15,1.9792026736053625,,,,,,
2015-06-16,1.9159897556819239,,,,,,
2015-06-18,1.9462496551962305,,,,,,
2015-06-22,2.0188348010926394,,,,,,
2015-06-23,1.975010304568614,,,,,,
2015-06-25,2.054929814103912,,,,,,
2015-07-01,2.1528449802541205,,,,,,
2015-07-02,2.1599906353565013,,,,,,
2015-07-06,2.084357289110783,,,,,,
2015-07-07,2.308702212068603,,,,,,
2015-07-10,2.482951545194978,,,,,,
2015-07-13,2.6105070149437193,,,,,,
2015-07-14,2.3680690706700647,,,,,,
2015-07-15,2.3492811244327116,,,,,,
2015-07-17,2.36350149872373,,,,,,
2015-07-22,2.360647204483368,,,,,,
2015-07-24,2.3637665155200382,,,,,,
2015-07-27,2.4328485868467586,,,,,,
2015-08-06,0.9433958041093815,,,,,,
2015-08-07,0.852728640733913,,,,,,
2015-08-11,0.5844646882352089,,,,,,
2015-08-12,0.6538749584628079,,,,,,
2015-08-13,0.679199471942038,,,,,,
2015-08-14,1.1761968544083068,,,,,,
2015-08-18,1.3004862525513916,,,,,,
2015-08-19,1.2886083763449019,,,,,,
2015-08-20,1.2535425610878725,,,,,,
2015-08-26,1.387879255055946,,,,,,
2015-08-28,1.2091140321716098,,,,,,
2015-08-29,1.3988703861772533,,,,,,
2015-09-01,1.3451771637006615,,,,,,
2015-09-02,1.394074534420553,,,,,,
2015-09-03,1.5326355808791048,,,,,,
2015-09-04,1.4109676990447406,,,,,,
2015-09-10,1.4061679590087417,,,,,,
2015-09-11,1.2590324863047675,,,,,,
2015-09-15,1.4636774721770607,,,,,,
2015-09-16,1.3929332880223022,,,,,,
2015-09-17,1.4918278031753607,,,,,,
2015-09-21,1.4168849590310284,,,,,,
2015-09-24,1.3909329471044174,,,,,,
2015-09-28,1.7881643623801624,,,,,,
2015-09-29,1.071026724931179,,,,,,
2015-10-01,0.8882130943997035,,,,,,
2015-10-02,0.7438772646079617,,,,,,
2015-10-05,0.8688192274817874,,,,,,
2015-10-06,1.146794322255884,,,,,,
2015-10-09,1.0388481721351317,,,,,,
2015-10-14,0.8939521146634766,,,,,,
2015-10-15,0.7544397246793011,,,,,,
2015-10-16,0.848419440926862,,,,,,
2015-10-20,0.8604123051861645,,,,,,
2015-10-22,0.9200902861142835,,,,,,
2015-10-26,0.9147944414027886,,,,,,
2015-10-27,0.7664044789516211,,,,,,
2015-10-28,1.0636970345107688,,,,,,
2015-10-30,2.541739432343393,,,,,,
2015-11-02,1.9471044881226973,,,,,,
2015-11-03,1.9162230173863648,,,,,,
2015-11-04,2.305182406974393,,,,,,
2015-11-06,2.8948994396215566,,,,,,
2015-11-10,2.5240254139604,,,,,,
2015-11-12,2.58000117994468,,,,,,
2015-11-13,2.3340423069771354,,,,,,
2015-11-17,2.335954832490428,,,,,,
2015-11-18,2.324325661844573,,,,,,
2015-11-23,2.1589866701535287,,,,,,
2015-11-25,1.8167509514163793,,,,,,
2015-11-27,1.8428168162037295,,,,,,
2015-12-01,1.3751453958991355,,,,,,
2015-12-02,1.5005680458326065,,,,,,
2015-12-03,1.6549588792374115,,,,,,
2015-12-04,1.5419098594304126,,,,,,
2015-12-09,1.6847348947413243,,,,,,
2015-12-10,1.6570766031413386,,,,,,
2015-12-11,1.8568100387903907,,,,,,
2015-12-15,1.9783199054992373,,,,,,
2015-12-16,1.9467263557077397,,,,,,
2015-12-23,1.3144003712940222,,,,,,
2015-12-29,1.19193070000434,,,,,,
2016-01-04,0.6563567984542606,,,,,,
2016-01-06,0.9683780782071327,,,,,,
2016-01-07,0.8950427807346673,,,,,,
2016-01-08,0.7926887391926263,,,,,,
2016-01-13,0.8349432737348117,,,,,,
2016-01-14,0.8429560910059308,,,,,,
2016-01-15,0.6471527629844376,,,,,,
2016-01-20,0.7461726884809394,,,,,,
2016-01-22,0.8961774152922652,,,,,,
2016-01-27,0.8938738294799631,,,,,,
2016-01-28,1.0179277488008065,,,,,,
2016-02-01,1.2280870455794846,,,,,,
2016-02-03,1.4447181457795555,,,,,,
2016-02-04,1.5374052115268988,,,,,,
2016-02-05,2.2103028818313497,,,,,,
2016-02-09,2.457156410262362,,,,,,
2016-02-10,2.4651012256854177,,,,,,
2016-02-12,2.68076188077078,,,,,,
2016-02-17,2.575192123273551,,,,,,
2016-02-19,2.4298743509711285,,,,,,
2016-02-23,2.377251962552984,,,,,,
2016-02-24,2.368616388214173,,,,,,
2016-02-25,2.4783210622268292,,,,,,
2016-02-26,2.1396753441039307,,,,,,
2016-03-01,1.8929182731831418,,,,,,
2016-03-02,1.9381808021768698,,,,,,
2016-03-03,1.9812565744969257,,,,,,
2016-03-04,2.221216118674074,,,,,,
2016-03-09,2.2127110707538256,,,,,,
2016-03-10,2.26438032511469,,,,,,
2016-03-11,2.30689120768133,,,,,,
2016-03-15,1.943115481618074,,,,,,
2016-03-16,1.8532096955901523,,,,,,
2016-03-21,1.6619630940053254,,,,,,
2016-03-23,1.6261129802048968,,,,,,
2016-03-24,1.4230433651816643,,,,,,
2016-03-28,0.6287551453674434,,,,,,
2016-04-01,0.7035399807862497,,,,,,
2016-04-04,0.42816021052871633,,,,,,
2016-04-05,0.39731835240115476,,,,,,
2016-04-08,0.12399369853461906,,,,,,
2016-04-12,0.120276464195124,,,,,,
2016-04-13,0.2760013381858162,,,,,,
2016-04-14,0.36375086948812196,,,,,,
2016-04-15,0.3544824047922779,,,,,,
2016-04-19,0.3369787998602325,,,,,,
2016-04-20,0.41408068141843835,,,,,,
2016-04-25,0.4129504759369018,,,,,,
2016-04-26,0.38922404876247096,,,,,,
2016-04-27,0.6208742312950655,,,,,,
2016-04-29,1.8312524945390152,,,,,,
2016-05-02,1.7792026115925008,,,,,,
2016-05-04,1.6704896720703744,,,,,,
2016-05-05,2.1097851924295474,,,,,,
2016-05-06,2.207246505955851,,,,,,
2016-05-10,2.155072281301118,,,,,,
2016-05-11,2.2613012983885294,,,,,,
2016-05-12,2.26822234047002,,,,,,
2016-05-13,2.7902565720317574,,,,,,
2016-05-17,2.533801797642754,,,,,,
2016-05-18,2.3693997393280375,,,,,,
2016-05-20,2.4113841354145515,,,,,,
2016-05-24,2.567517697928845,,,,,,
2016-05-25,2.7780511561482646,,,,,,
2016-05-26,2.8874720305357204,,,,,,
2016-05-31,2.9365859175831455,,,,,,
2016-06-01,2.475494231429276,,,,,,
2016-06-02,2.4814528994868468,,,,,,
2016-06-03,2.4862286952667123,,,,,,
2016-06-09,2.527855310984095,,,,,,
2016-06-10,2.48506165458946,,,,,,
2016-06-14,2.7809150543620653,,,,,,
2016-06-15,2.6605882135997794,,,,,,
2016-06-16,2.7025921964572097,,,,,,
2016-06-17,2.7504689381530945,,,,,,
2016-06-22,2.751990886244271,,,,,,
2016-06-23,2.680207532516321,,,,,,
2016-06-24,2.5824668589032207,,,,,,
2016-06-27,2.505967048100244,,,,,,
2016-06-29,2.6570683818832874,,,,,,
2016-07-01,2.5649838004761616,,,,,,
2016-07-05,2.3975295437524524,,,,,,
2016-07-06,2.385594272415603,,,,,,
2016-07-08,2.3666030265378835,,,,,,
2016-07-12,2.3158260517722518,,,,,,
2016-07-13,2.306769957349819,,,,,,
2016-07-15,2.4112865201310507,,,,,,
2016-07-19,2.4151036530880132,,,,,,
2016-07-21,2.410097329337324,,,,,,
2016-07-26,2.365674791574679,,,,,,
2016-07-27,2.267141298055031,,,,,,
2016-07-28,1.8332561587395713,,,,,,
2016-08-03,3.6384142518287366,,,,,,
2016-08-04,3.6714290478139677,,,,,,
2016-08-05,3.804959266712493,,,,,,
2016-08-09,3.6947463486563192,,,,,,
2016-08-10,3.6741784931482835,,,,,,
2016-08-11,3.684185350730873,,,,,,
2016-08-12,3.51573939966143,,,,,,
2016-08-16,3.645220664853932,,,,,,
2016-08-23,3.575980306864035,,,,,,
2016-08-24,3.4321992814114077,,,,,,
2016-08-25,3.4078953183493077,,,,,,
2016-08-29,3.479599621661267,,,,,,
2016-09-01,3.2305541382414926,,,,,,
2016-09-02,3.4992584645805236,,,,,,
2016-09-06,3.3503207341122554,,,,,,
2016-09-09,3.2956716945495,,,,,,
2016-09-13,3.216465762406706,,,,,,
2016-09-14,3.2238216404073317,,,,,,
2016-09-15,3.0204689855019007,,,,,,
2016-09-16,2.9429325259543226,,,,,,
2016-09-20,2.938820897939798,,,,,,
2016-09-22,2.8848081590807872,,,,,,
2016-09-26,2.8326808625754207,,,,,,
2016-09-28,2.778440737764676,,,,,,
2016-09-30,2.413084753636352,,,,,,
2016-10-03,2.1969280402641678,,,,,,
2016-10-05,2.2000526587152125,,,,,,
2016-10-07,2.13991079746507,,,,,,
2016-10-13,2.1249358284297637,,,,,,
2016-10-14,1.9346160834704973,,,,,,
2016-10-15,2.0013987116367815,,,,,,
2016-10-17,2.0193293272625867,,,,,,
2016-10-18,2.028674037501288,,,,,,
2016-10-19,2.028951366878995,,,,,,
2016-10-20,2.0874170331736774,,,,,,
2016-10-26,2.146787560729635,,,,,,
2016-10-27,2.095337500694061,,,,,,
2016-10-31,2.677656956742558,,,,,,
2016-11-01,2.312350600837476,,,,,,
2016-11-02,2.9407030181629823,,,,,,
2016-11-03,3.097237038381495,,,,,,
2016-11-04,3.0842654032513073,,,,,,
2016-11-09,3.124147481202022,,,,,,
2016-11-10,3.07112960309948,,,,,,
2016-11-15,3.3273638811047723,,,,,,
2016-11-16,3.341818212247194,,,,,,
2016-11-17,3.5891631417325653,,,,,,
2016-11-22,3.5594269244017873,,,,,,
2016-11-23,3.575135997391987,,,,,,
2016-11-25,3.1341747200194447,,,,,,
2016-11-30,2.4439180006089467,,,,,,
2016-12-01,2.913516477243161,,,,,,
2016-12-02,2.6238191114360765,,,,,,
2016-12-05,2.635587107088466,,,,,,
2016-12-06,2.6184153908210384,,,,,,
2016-12-09,2.5742413188903024,,,,,,
2016-12-12,2.63445516745657,,,,,,
2016-12-13,2.612946674092642,,,,,,
2016-12-14,2.4465441016973566,,,,,,
2016-12-15,2.608624174483909,,,,,,
2016-12-16,2.5607633184300482,,,,,,
2016-12-21,2.5377509372899176,,,,,,
2016-12-22,2.5481579009914768,,,,,,
2016-12-23,2.549672646985579,,,,,,
2016-12-29,2.508144878977081,,,,,,
2017-01-03,2.8597880436323386,,,,,,
2017-01-05,2.9049725867312137,,,,,,
2017-01-06,2.8712604702342492,,,,,,
2017-01-10,2.9073814614008375,,,,,,
2017-01-12,2.87605054823983,,,,,,
2017-01-13,2.7815641214616216,,,,,,
2017-01-18,2.819311269208913,,,,,,
2017-01-19,2.8031083965835535,,,,,,
2017-01-24,2.781852369283744,,,,,,
2017-01-26,2.881424767469243,,,,,,
2017-01-30,2.344861085714145,,,,,,
2017-02-01,3.376659722575859,,,,,,
2017-02-02,3.050661365135654,,,,,,
2017-02-03,2.6659976777857253,,,,,,
2017-02-07,2.6986816597713847,,,,,,
2017-02-09,2.7444056318779664,,,,,,
2017-02-10,2.7131259476792513,,,,,,
2017-02-15,2.2159074234653353,,,,,,
2017-02-16,2.3700935168595505,,,,,,
2017-02-22,2.507529424755006,,,,,,
2017-02-24,2.483589803678532,,,,,,
2017-02-27,2.4797942846820797,,,,,,
2017-02-28,2.236782693913475,,,,,,
2017-03-01,1.7910848306732063,,,,,,
2017-03-02,1.5265727360695092,,,,,,
2017-03-03,1.5071105050730393,,,,,,
2017-03-06,1.2950966746611225,,,,,,
2017-03-07,1.3122010732792289,,,,,,
2017-03-08,1.245697852376959,,,,,,
2017-03-09,1.2292244723181023,,,,,,
2017-03-10,0.9367830736150662,,,,,,
2017-03-14,0.9235120477281811,,,,,,
2017-03-15,0.9139704889129519,,,,,,
2017-03-16,0.9058721192737318,,,,,,
2017-03-17,0.9639584473920992,,,,,,
2017-03-22,0.8568186448592252,,,,,,
2017-03-23,0.9679567245523435,,,,,,
2017-03-24,1.003736618571649,,,,,,
2017-03-27,1.0616070320417226,,,,,,
2017-03-28,1.3027842371094556,,,,,,
2017-03-31,0.8980358781023767,,,,,,
2017-04-03,1.1883424463066117,,,,,,
2017-04-04,1.233172289839568,,,,,,
2017-04-05,0.8212671319669074,,,,,,
2017-04-07,0.6328051521648836,,,,,,
2017-04-12,0.697082620284295,,,,,,
2017-04-13,0.6952995586625654,,,,,,
2017-04-14,0.49353791744932707,,,,,,
2017-04-18,0.4518825503294188,,,,,,
2017-04-21,0.4810533447390686,,,,,,
2017-04-25,0.4682687925936291,,,,,,
2017-04-26,0.43523577560355964,,,,,,
2017-04-27,0.16987861360426848,,,,,,
2017-05-01,4.273394166127953,,,,,,
2017-05-03,4.030708280697981,,,,,,
2017-05-04,4.179450364283399,,,,,,
2017-05-05,3.728306505223644,,,,,,
2017-05-09,3.6004641502534573,,,,,,
2017-05-10,3.514309855701958,,,,,,
2017-05-12,3.647269584970858,,,,,,
2017-05-16,4.085041165641501,,,,,,
2017-05-18,3.99059094813623,,,,,,
2017-05-23,3.8867499701191743,,,,,,
2017-05-24,3.7846227646729957,,,,,,
2017-05-25,3.5574370861934934,,,,,,
2017-05-26,3.67323485494806,,,,,,
2017-05-30,3.8188768587336774,,,,,,
2017-06-01,3.9758216012043324,,,,,,
2017-06-02,3.4216423931550555,,,,,,
2017-06-05,3.0924982034140625,,,,,,
2017-06-09,2.987508731192756,,,,,,
2017-06-12,2.9714226957404666,,,,,,
2017-06-13,3.0039532815522296,,,,,,
2017-06-14,3.158477034013951,,,,,,
2017-06-15,2.934221581668872,,,,,,
2017-06-16,2.8779246375264966,,,,,,
2017-06-21,2.8491316709522208,,,,,,
2017-06-23,2.959847217135647,,,,,,
2017-06-26,2.8609906714779143,,,,,,
2017-06-28,2.693525382850459,,,,,,
2017-06-30,2.718289274264807,,,,,,
2017-07-03,2.951550279040438,,,,,,
2017-07-05,2.5949043948350736,,,,,,
2017-07-06,2.6789207874315935,,,,,,
2017-07-07,2.521628750140459,,,,,,
2017-07-11,2.5542228633319786,,,,,,
2017-07-13,2.6704654142283957,,,,,,
2017-07-14,2.441496861588921,,,,,,
2017-07-18,2.499273445670558,,,,,,
2017-07-19,2.540778295907198,,,,,,
2017-07-24,2.5159022335914605,,,,,,
2017-07-26,2.499350612926743,,,,,,
2017-07-27,2.819379321981952,,,,,,
2017-08-03,4.023880490859044,,,,,,
2017-08-04,3.6652434076942964,,,,,,
2017-08-09,3.548799609904396,,,,,,
2017-08-10,3.581526206204222,,,,,,
2017-08-15,3.6904963215040887,,,,,,
2017-08-16,3.849024400837475,,,,,,
2017-08-17,3.496615510393686,,,,,,
2017-08-23,3.3721872796024233,,,,,,
2017-08-24,3.3496640820657175,,,,,,
2017-08-25,3.4095758740690707,,,,,,
2017-08-28,3.325188865513895,,,,,,
2017-08-31,3.3291734372423276,,,,,,
2017-09-01,3.165780011804231,,,,,,
2017-09-05,2.7644428214976147,,,,,,
2017-09-06,2.9260077076703084,,,,,,
2017-09-08,2.992710901691731,,,,,,
2017-09-13,2.9742242300986765,,,,,,
2017-09-15,2.2477651737879967,,,,,,
2017-09-19,2.2063618233028937,,,,,,
2017-09-20,2.1260839196940884,,,,,,
2017-09-26,2.1015945593921836,,,,,,
2017-09-27,2.1430885187363025,,,,,,
2017-09-29,2.307932573628846,,,,,,
2017-10-02,2.7343019245307687,,,,,,
2017-10-04,2.8906608701283476,,,,,,
2017-10-05,2.819740705484519,,,,,,
2017-10-06,2.495259556366225,,,,,,
2017-10-12,2.4981101146529294,,,,,,
2017-10-13,2.696569612055133,,,,,,
2017-10-17,2.7266303341156206,,,,,,
2017-10-18,2.7157789460112935,,,,,,
2017-10-20,2.620825112914593,,,,,,
2017-10-25,2.718164084006891,,,,,,
2017-10-26,2.520085344626244,,,,,,
2017-10-30,2.933511006926892,,,,,,
2017-11-01,4.480901692451922,,,,,,
2017-11-02,4.3245637632925105,,,,,,
2017-11-03,3.304075311892296,,,,,,
2017-11-09,3.281134973881672,,,,,,
2017-11-13,3.2904575141469383,,,,,,
2017-11-14,3.295038419491525,,,,,,
2017-11-15,3.2449834370692487,,,,,,
2017-11-16,3.501047770029575,,,,,,
2017-11-17,3.418246372239908,,,,,,
2017-11-21,3.4384702210414453,,,,,,
2017-11-22,3.396177503766862,,,,,,
2017-11-27,3.51134741410144,,,,,,
2017-11-28,3.0485182278329637,,,,,,
2017-11-30,2.7400250767002143,,,,,,
2017-12-01,3.471796521714987,,,,,,
2017-12-04,3.1623725522263335,,,,,,
2017-12-05,3.2162668446164,,,,,,
2017-12-08,2.882063869187834,,,,,,
2017-12-12,2.8196657908339473,,,,,,
2017-12-14,3.312936954785628,,,,,,
2017-12-15,3.1287492049502763,,,,,,
2017-12-19,3.258945898488186,,,,,,
2017-12-20,3.333177717029212,,,,,,
2017-12-22,2.8216061324223496,,,,,,
2017-12-28,2.749613874868162,,,,,,
2018-01-03,3.153449805521835,,,,,,
2018-01-04,3.1137262358142737,,,,,,
2018-01-05,2.7081485588755783,,,,,,
2018-01-10,2.780700162646399,,,,,,
2018-01-11,2.7648561937546168,,,,,,
2018-01-12,3.2650155755687083,,,,,,
2018-01-17,3.436053579541065,,,,,,
2018-01-18,3.4219736612759455,,,,,,
2018-01-24,3.3910490968982687,,,,,,
2018-01-25,3.406012219614585,,,,,,
2018-01-29,4.157121973629496,,,,,,
2018-02-01,5.375535384100116,,,,,,
2018-02-02,3.9919340475826903,,,,,,
2018-02-05,4.047658866872816,,,,,,
2018-02-06,4.025079775922702,,,,,,
2018-02-09,4.010438074131417,,,,,,
2018-02-12,4.015869620133716,,,,,,
2018-02-14,3.2498874642388653,,,,,,
2018-02-15,3.0929745173313705,,,,,,
2018-02-16,3.19780648568746,,,,,,
2018-02-21,3.090947340793204,,,,,,
2018-02-26,2.989144036198832,,,,,,
2018-02-27,2.580947232188602,,,,,,
2018-03-01,3.539122049714871,,,,,,
2018-03-02,3.1536029854523084,,,,,,
2018-03-05,3.1362428082887917,,,,,,
2018-03-06,2.9536339181526428,,,,,,
2018-03-07,2.8138410286259408,,,,,,
2018-03-09,2.4778672411343017,,,,,,
2018-03-12,2.465604903955887,,,,,,
2018-03-14,1.8516332638984112,,,,,,
2018-03-15,1.8133812643714942,,,,,,
2018-03-16,1.801315327037889,,,,,,
2018-03-21,1.862994007367491,,,,,,
2018-03-23,1.7903174022861679,,,,,,
2018-03-29,2.370264201736827,,,,,,
2018-04-02,2.798171407107519,,,,,,
2018-04-04,2.512847772369642,,,,,,
2018-04-05,2.3163174030306877,,,,,,
2018-04-06,1.9899451674604274,,,,,,
2018-04-10,1.9721313972629995,,,,,,
2018-04-11,2.0100395587668185,,,,,,
2018-04-12,2.031604606090065,,,,,,
2018-04-16,1.9084210640998744,,,,,,
2018-04-17,1.9669743907020587,,,,,,
2018-04-23,1.9802607918826487,,,,,,
2018-04-24,2.0105989837089444,,,,,,
2018-04-26,1.9833678127606058,,,,,,
2018-04-30,4.067151343983233,,,,,,
2018-05-01,4.136687335664679,,,,,,
2018-05-02,3.9416310172589064,,,,,,
2018-05-03,3.9911476714855176,,,,,,
2018-05-04,3.9296024810775654,,,,,,
2018-05-09,4.031869618200634,,,,,,
2018-05-10,4.043263726497193,,,,,,
2018-05-11,4.03412014584712,,,,,,
2018-05-15,4.069263078590835,,,,,,
2018-05-16,4.1287585892687995,,,,,,
2018-05-17,4.241388324599393,,,,,,
2018-05-23,4.327364425689173,,,,,,
2018-05-24,4.155003506688937,,,,,,
2018-05-25,4.035101496156002,,,,,,
2018-05-29,4.111848733221657,,,,,,
2018-05-31,4.673251835371728,,,,,,
2018-06-01,4.843626642118504,,,,,,
2018-06-04,4.548371903283432,,,,,,
2018-06-05,4.566880596490908,,,,,,
2018-06-06,4.489652543027467,,,,,,
2018-06-08,4.557093928363121,,,,,,
2018-06-12,4.630547026898624,,,,,,
2018-06-13,4.589019945248429,,,,,,
2018-06-14,4.803871863164888,,,,,,
2018-06-15,4.601955555672799,,,,,,
2018-06-19,4.708819320741076,,,,,,
2018-06-20,4.678883415038126,,,,,,
2018-06-25,4.623558270402994,,,,,,
2018-06-27,4.481626887483947,,,,,,
2018-06-29,3.8340092848631047,,,,,,
2018-07-02,4.086144674340808,,,,,,
2018-07-03,3.9842835485136785,,,,,,
2018-07-05,3.9153688401802,,,,,,
2018-07-06,3.8380454754887383,,,,,,
2018-07-11,3.89624133383919,,,,,,
2018-07-12,4.168969795649247,,,,,,
2018-07-13,4.1827436270999385,,,,,,
2018-07-16,4.532327149308135,,,,,,
2018-07-17,4.530714953859549,,,,,,
2018-07-18,4.512909131867793,,,,,,
2018-07-23,4.493796612103185,,,,,,
2018-07-25,4.411545738367706,,,,,,
2018-07-26,3.8224618554500767,,,,,,
2018-07-31,4.686256950212364,,,,,,
2018-08-01,4.950681190302064,,,,,,
2018-08-02,4.928524480858765,,,,,,
2018-08-03,4.370490263933169,,,,,,
2018-08-09,4.324409038855337,,,,,,
2018-08-10,4.388433929666968,,,,,,
2018-08-14,4.39053103895426,,,,,,
2018-08-15,4.319659740236559,,,,,,
2018-08-16,4.254075438684857,,,,,,
2018-08-22,4.266955326265998,,,,,,
2018-08-23,4.415547830626765,,,,,,
2018-08-24,4.592940970862958,,,,,,
2018-08-28,4.097479446303476,,,,,,
2018-08-30,4.0806944089293085,,,,,,
2018-09-04,4.657323214858455,,,,,,
2018-09-05,4.355671900282854,,,,,,
2018-09-06,4.275655751815566,,,,,,
2018-09-07,3.820082398356739,,,,,,
2018-09-11,3.7827155374478894,,,,,,
2018-09-12,3.8033684343616647,,,,,,
2018-09-13,3.897431043623456,,,,,,
2018-09-14,4.425546340302633,,,,,,
2018-09-19,4.447166736465391,,,,,,
2018-09-20,4.414216147103134,,,,,,
2018-09-26,4.437065822500608,,,,,,
2018-09-27,3.8302932863161665,,,,,,
2018-09-28,3.627118860782219,,,,,,
2018-10-01,4.082262461903952,,,,,,
2018-10-03,4.126963034389264,,,,,,
2018-10-04,4.070911355369611,,,,,,
2018-10-05,4.08359585384106,,,,,,
2018-10-10,4.194914174708431,,,,,,
2018-10-11,4.19812580056842,,,,,,
2018-10-12,4.221601498963801,,,,,,
2018-10-15,4.003581105317222,,,,,,
2018-10-16,3.847497129911037,,,,,,
2018-10-17,3.8514056999721102,,,,,,
2018-10-19,3.8104017756284136,,,,,,
2018-10-24,3.7452997336006266,,,,,,
2018-10-25,3.5536936988304513,,,,,,
2018-10-29,2.646808694136138,,,,,,
2018-11-01,2.9642284189426604,,,,,,
2018-11-02,2.8989712400158574,,,,,,
2018-11-05,2.9291885648837335,,,,,,
2018-11-09,2.8969014048081165,,,,,,
2018-11-13,2.9062098640934897,,,,,,
2018-11-14,2.906684430523132,,,,,,
2018-11-15,2.755348641965405,,,,,,
2018-11-16,2.6165404087954203,,,,,,
2018-11-20,2.458129672027898,,,,,,
2018-11-21,2.490876987611812,,,,,,
2018-11-29,2.6210243445315085,,,,,,
2018-12-03,2.8003358505319653,,,,,,
2018-12-04,2.7090506292367422,,,,,,
2018-12-06,2.6642978607315237,,,,,,
2018-12-07,2.3825393437626907,,,,,,
2018-12-11,2.4371497730663494,,,,,,
2018-12-12,2.4262026864013464,,,,,,
2018-12-13,2.500305469878339,,,,,,
2018-12-14,2.99541528297933,,,,,,
2018-12-18,2.921189078582409,,,,,,
2018-12-19,2.972374627170904,,,,,,
2018-12-21,2.714419219567832,,,,,,
2019-01-03,2.5869711312205723,,,,,,
2019-01-04,2.7928790660161074,,,,,,
2019-01-07,2.794085106916011,,,,,,
2019-01-11,2.796567058164756,,,,,,
2019-01-15,2.8146250459996747,,,,,,
2019-01-16,2.7879547911946245,,,,,,
2019-01-18,2.795317910999695,,,,,,
2019-01-22,2.7221128932423344,,,,,,
2019-01-31,2.6947142153147086,,,,,,
2019-02-01,2.4900268574648887,,,,,,
2019-02-04,2.396057272998897,,,,,,
2019-02-05,2.3960367916696423,,,,,,
2019-02-06,2.7329398986620124,,,,,,
2019-02-12,2.6625381247786795,,,,,,
2019-02-13,2.5850050789331336,,,,,,
2019-02-14,1.5252106475567517,,,,,,
2019-02-21,1.4170726468668349,,,,,,
2019-02-25,1.8555336051686577,,,,,,
2019-02-26,1.7982177413237377,,,,,,
2019-02-27,1.8465759136188309,,,,,,
2019-03-01,0.3431287640500047,,,,,,
2019-03-04,0.2668756423904073,,,,,,
2019-03-05,0.5336931254835697,,,,,,
2019-03-06,0.5220532328582328,,,,,,
2019-03-08,0.4761906517894765,,,,,,
2019-03-11,0.17022971343190196,,,,,,
2019-03-12,0.17019430838762784,,,,,,
2019-03-13,0.3817560311640378,,,,,,
2019-03-14,0.368969528037133,,,,,,
2019-03-15,0.46479745539438344,,,,,,
2019-03-19,0.6192162089358355,,,,,,
2019-03-22,1.225685486564121,,,,,,
2019-03-25,1.2536773091724962,,,,,,
2019-03-26,1.2777940833162527,,,,,,
2019-03-27,1.533902761587358,,,,,,
2019-03-29,1.707007060719068,,,,,,
2019-04-01,2.1257730004298647,,,,,,
2019-04-02,2.0735217121154115,,,,,,
2019-04-03,2.137605749832705,,,,,,
2019-04-05,2.177520965926849,,,,,,
2019-04-08,2.2734624708570017,,,,,,
2019-04-10,2.184743909114517,,,,,,
2019-04-11,2.2043401895795567,,,,,,
2019-04-12,2.2521723628209367,,,,,,
2019-04-16,2.2703552601631705,,,,,,
2019-04-17,2.4261690765137844,,,,,,
2019-04-18,2.7885790606822614,,,,,,
2019-04-19,2.7676829118618684,,,,,,
2019-04-22,2.7186379478790323,,,,,,
2019-04-23,2.669456826981409,,,,,,
2019-04-25,2.6710882502737565,,,,,,
2019-04-29,1.251517949403791,,,,,,
2019-05-01,1.2169335515136437,,,,,,
2019-05-02,0.9141485882480982,,,,,,
2019-05-03,1.667629860495845,,,,,,
2019-05-09,1.5747327089561614,,,,,,
2019-05-10,1.5598212881831053,,,,,,
2019-05-14,1.5596877694975975,,,,,,
2019-05-15,1.0873601359049578,,,,,,
2019-05-16,1.1646595759150724,,,,,,
2019-05-21,1.1826078552381603,,,,,,
2019-05-23,1.278452621173054,,,,,,
2019-05-24,1.2610679522784052,,,,,,
2019-05-30,1.1737429182058001,,,,,,
2019-05-31,1.1652567871658803,,,,,,
2019-06-03,1.25617578083288,,,,,,
2019-06-04,1.4421232903567338,,,,,,
2019-06-05,1.4981171442269625,,,,,,
2019-06-06,1.4739891315413534,,,,,,
2019-06-07,1.3872392233164055,,,,,,
2019-06-11,1.4031231637509078,,,,,,
2019-06-12,1.4737856590224085,,,,,,
2019-06-13,1.454812457051613,,,,,,
2019-06-14,2.0515275255649223,,,,,,
2019-06-18,2.0478232077702607,,,,,,
2019-06-21,2.084937547589627,,,,,,
2019-06-25,2.027291717483237,,,,,,
2019-06-26,1.8817944241880769,,,,,,
2019-06-28,1.4956838078306278,,,,,,
2019-07-01,1.4702206105890125,,,,,,
2019-07-03,1.3087505378203135,,,,,,
2019-07-05,1.4135151100775456,,,,,,
2019-07-10,1.397627349296937,,,,,,
2019-07-11,1.2297070289827738,,,,,,
2019-07-12,1.2762164274933152,,,,,,
2019-07-16,1.6027058166382613,,,,,,
2019-07-17,1.605038146208182,,,,,,
2019-07-23,1.5897436388779607,,,,,,
2019-07-24,1.566218187430879,,,,,,
2019-07-25,1.33344120041059,,,,,,
2019-07-30,1.9636396090144448,,,,,,
2019-08-01,2.224519790130852,,,,,,
2019-08-02,1.9394289660197739,,,,,,
2019-08-05,1.8793169650744623,,,,,,
2019-08-08,1.9445785734249155,,,,,,
2019-08-09,1.9385548951007303,,,,,,
2019-08-12,1.847394476939046,,,,,,
2019-08-13,1.8462841787967976,,,,,,
2019-08-14,1.8427078955955967,,,,,,
2019-08-15,2.1589528931400537,,,,,,
2019-08-16,2.2280314806429224,,,,,,
2019-08-21,2.311622138062397,,,,,,
2019-08-23,2.2693954811593864,,,,,,
2019-08-26,2.2648307144434554,,,,,,
2019-08-30,2.042112438726651,,,,,,
2019-09-03,1.6818850865932156,,,,,,
2019-09-04,1.4665372145923339,,,,,,
2019-09-05,1.6845519995352776,,,,,,
2019-09-06,1.833478762625984,,,,,,
2019-09-11,1.8770236909630311,,,,,,
2019-09-12,1.827270356733779,,,,,,
2019-09-13,1.8045997742542896,,,,,,
2019-09-17,1.866816215380318,,,,,,
2019-09-18,1.9354777968118686,,,,,,
2019-09-19,1.9313591585748968,,,,,,
2019-09-25,2.0046011981439182,,,,,,
2019-09-27,2.1076226613169657,,,,,,
2019-10-01,1.7788702054964967,,,,,,
2019-10-02,1.8388991737563254,,,,,,
2019-10-03,1.7515983637881982,,,,,,
2019-10-04,1.7618263275123835,,,,,,
2019-10-08,1.8291476175843702,,,,,,
2019-10-09,1.724275281959553,,,,,,
2019-10-10,1.723744581499309,,,,,,
2019-10-11,1.753661400924389,,,,,,
2019-10-16,1.7656985799928027,,,,,,
2019-10-17,1.8057655516698023,,,,,,
2019-10-22,1.7953218452239739,,,,,,
2019-10-24,1.7617953578462409,,,,,,
2019-10-25,1.7621409636948693,,,,,,
2019-10-28,1.6751546468520617,,,,,,
2019-10-31,1.4622142609010513,,,,,,
2019-11-01,1.0707314713166216,,,,,,
2019-11-04,0.9167262210598048,,,,,,
2019-11-05,0.9501153285349728,,,,,,
2019-11-08,1.0131016209873112,,,,,,
2019-11-13,0.9565476425453578,,,,,,
2019-11-14,0.9579461896575658,,,,,,
2019-11-15,0.31324770071721186,,,,,,
2019-11-19,0.4225749937196044,,,,,,
2019-11-21,0.5691435476757656,,,,,,
2019-11-26,1.3971452299004428,,,,,,
2019-11-27,1.6558945413473358,,,,,,
2019-12-02,1.3410158244725912,,,,,,
2019-12-04,1.5478376926495896,,,,,,
2019-12-05,1.4843469463429848,,,,,,
2019-12-06,1.9643975509836098,,,,,,
2019-12-11,2.065097809557148,,,,,,
2019-12-12,2.063461182251758,,,,,,
2019-12-13,1.9501840119757752,,,,,,
2019-12-17,2.3410009517854657,,,,,,
2019-12-19,2.2610827202098838,,,,,,
2019-12-20,2.143125846364291,,,,,,
2019-12-23,2.278621773392686,,,,,,
2019-12-30,2.4278252252052823,,,,,,
2020-01-03,2.3303073287564313,,,,,,
2020-01-06,2.256356497584555,,,,,,
2020-01-07,2.33219819254884,,,,,,
2020-01-10,2.272174745238531,,,,,,
2020-01-13,2.334068100290798,,,,,,
2020-01-14,2.3358583799401478,,,,,,
2020-01-15,2.335432733712439,,,,,,
2020-01-16,1.8353232889154913,,,,,,
2020-01-17,1.7889702063753177,,,,,,
2020-01-22,1.820420571991832,,,,,,
2020-01-27,1.7841121630452594,,,,,,
2020-01-28,1.8520564599998846,,,,,,
2020-01-29,1.7393524232547142,,,,,,
2020-01-31,2.7392530975895113,,,,,,
2020-02-03,2.890541431262572,,,,,,
2020-02-04,2.8847269622896077,,,,,,
2020-02-05,2.8986582749044754,,,,,,
2020-02-07,2.674679762047516,,,,,,
2020-02-12,2.722271746148519,,,,,,
2020-02-13,2.7254470190473112,,,,,,
2020-02-14,2.3537584943195577,,,,,,
2020-02-19,2.5697727805964243,,,,,,
2020-02-21,2.533502546280819,,,,,,
2020-02-26,2.7782923473216092,,,,,,
2020-02-27,2.7084706781819845,,,,,,
2020-02-28,2.5912153960766737,,,,,,
2020-03-02,2.6655708842900028,,,,,,
2020-03-04,2.7775597561860765,,,,,,
2020-03-05,2.685728992025016,,,,,,
2020-03-06,3.050936214725386,,,,,,
2020-03-11,3.0591461556308097,,,,,,
2020-03-12,3.101539648823226,,,,,,
2020-03-13,3.0854225755529097,,,,,,
2020-03-17,2.934958069200011,,,,,,
2020-03-18,3.1332616186040774,,,,,,
2020-03-20,3.251467626306259,,,,,,
2020-03-24,3.1701913879342625,,,,,,
2020-03-25,3.1278773034627116,,,,,,
2020-03-27,2.680026578999728,,,,,,
2020-04-01,2.1519203000466725,,,,,,
2020-04-02,1.2525565724168297,,,,,,
2020-04-03,0.9816471102460644,,,,,,
2020-04-09,0.9619512881410719,,,,,,
2020-04-10,0.9969127432215119,,,,,,
2020-04-14,0.9825135370474802,,,,,,
2020-04-15,-0.3177504382701035,,,,,,
2020-04-16,-0.2639797027873758,,,,,,
2020-04-21,-0.26943803477866846,,,,,,
2020-04-23,-0.3313628315877115,,,,,,
2020-04-24,-0.252728585653883,,,,,,
2020-04-28,-0.9690554159619835,,,,,,
2020-04-30,-12.052744275855144,,,,,,
2020-05-01,-16.642243762734555,,,,,,
2020-05-04,-17.415819287514868,,,,,,
2020-05-05,-17.60547900496644,,,,,,
2020-05-08,-34.85909543939558,,,,,,
2020-05-12,-35.11708795403635,,,,,,
2020-05-13,-35.15600907467008,,,,,,
2020-05-14,-35.16629231605384,,,,,,
2020-05-15,-42.81304981194781,,,,,,
2020-05-19,-41.906764438638774,,,,,,
2020-05-21,-41.50785596426739,,,,,,
2020-05-26,-41.41327353633477,,,,,,
2020-05-28,-40.387484043776276,,,,,,
2020-05-29,-51.158587763821075,,,,,,
2020-06-01,-52.7976191939397,,,,,,
2020-06-03,-52.183745268682245,,,,,,
2020-06-04,-53.76059737021892,,,,,,
2020-06-05,-49.136542486675374,,,,,,
2020-06-09,-48.46647702080288,,,,,,
2020-06-10,-48.44222822311794,,,,,,
2020-06-11,-48.432809651194056,,,,,,
2020-06-12,-48.44055965011592,,,,,,
2020-06-16,-45.354191322924954,,,,,,
2020-06-17,-45.50856356991413,,,,,,
2020-06-22,-45.78182141813638,,,,,,
2020-06-23,-45.89952589957388,,,,,,
2020-06-25,-46.631193637868954,,,,,,
2020-06-26,-39.45327738697284,,,,,,
2020-07-01,-36.773866913134114,,,,,,
2020-07-02,-35.179751410699026,,,,,,
2020-07-06,-35.381886617726174,,,,,,
2020-07-09,-35.468251723220504,,,,,,
2020-07-10,-35.48183953654858,,,,,,
2020-07-14,-35.42522767884621,,,,,,
2020-07-15,-34.66668225920998,,,,,,
2020-07-16,-34.47494165950713,,,,,,
2020-07-17,-34.70781875503142,,,,,,
2020-07-22,-34.74547732212433,,,,,,
2020-07-24,-34.77301966790339,,,,,,
2020-07-27,-34.28202850051358,,,,,,
2020-07-29,-32.084420930756444,,,,,,
2020-07-31,11.884487203498107,,,,,,
2020-08-03,19.64143786043282,,,,,,
2020-08-04,20.00624059861473,,,,,,
2020-08-05,20.258861954040654,,,,,,
2020-08-07,20.511414501055892,,,,,,
2020-08-11,20.549267844129737,,,,,,
2020-08-12,20.58407034346721,,,,,,
2020-08-13,20.54197679364993,,,,,,
2020-08-14,26.220963391460405,,,,,,
2020-08-18,25.566408829519904,,,,,,
2020-08-21,25.393901926633866,,,,,,
2020-08-25,25.37040899498315,,,,,,
2020-08-26,25.607533660910043,,,,,,
2020-08-28,28.875908547793806,,,,,,
2020-09-01,28.500132778766883,,,,,,
2020-09-02,29.80968464251408,,,,,,
2020-09-03,29.58394298759228,,,,,,
2020-09-04,31.001206863778652,,,,,,
2020-09-10,30.839115883398428,,,,,,
2020-09-11,30.687450785800486,,,,,,
2020-09-15,30.20970754450869,,,,,,
2020-09-16,31.681127607469417,,,,,,
2020-09-17,31.953531443701543,,,,,,
2020-09-22,32.0298311212482,,,,,,
2020-09-24,31.930489850838974,,,,,,
2020-09-25,31.995488550282424,,,,,,
2020-09-29,33.816361901548106,,,,,,
2020-10-01,34.602404900806796,,,,,,
2020-10-02,35.44653540682769,,,,,,
2020-10-05,35.40648015905905,,,,,,
2020-10-06,35.30248151683195,,,,,,
2020-10-09,35.231485897629234,,,,,,
2020-10-13,35.2343791544004,,,,,,
2020-10-14,35.19967821172967,,,,,,
2020-10-15,35.1595674574031,,,,,,
2020-10-16,35.1769459034198,,,,,,
2020-10-19,35.14481106015657,,,,,,
2020-10-20,35.29340135549796,,,,,,
2020-10-22,35.499709020754544,,,,,,
2020-10-26,35.46297811155201,,,,,,
2020-10-27,36.17942421030622,,,,,,
2020-10-28,36.97081046136337,,,,,,
2020-10-30,2.24819977332964,,,,,,
2020-11-02,3.3557446324608886,,,,,,
2020-11-03,3.3119829459612227,,,,,,
2020-11-04,3.217046690635228,,,,,,
2020-11-06,3.5141234955200273,,,,,,
2020-11-12,3.5300421422578054,,,,,,
2020-11-13,3.5131313911525686,,,,,,
2020-11-17,5.392562786933008,,,,,,
2020-11-18,5.572910853575452,,,,,,
2020-11-19,5.982631099168323,,,,,,
2020-11-25,11.010765964382575,,,,,,
2020-12-01,11.086346351763844,,,,,,
2020-12-02,10.883896028423745,,,,,,
2020-12-03,10.818861407737156,,,,,,
2020-12-04,11.165395340847684,,,,,,
2020-12-09,11.150831153741002,,,,,,
2020-12-10,11.114541735671523,,,,,,
2020-12-11,11.08613397256173,,,,,,
2020-12-15,11.28560896512285,,,,,,
2020-12-16,11.0216382349269,,,,,,
2020-12-17,11.129314662491542,,,,,,
2020-12-22,11.188086987766477,,,,,,
2020-12-23,10.41376655403874,,,,,,
2020-12-30,8.607419288154228,,,,,,
2021-01-04,8.6254242042346,,,,,,
2021-01-05,8.887460658044821,,,,,,
2021-01-06,8.718313956188162,,,,,,
2021-01-07,8.54305202123804,,,,,,
2021-01-08,8.664072109602117,,,,,,
2021-01-13,8.728602521556805,,,,,,
2021-01-14,8.752077785546785,,,,,,
2021-01-15,7.4489483856737815,,,,,,
2021-01-21,7.540768468815262,,,,,,
2021-01-22,7.576266809175225,,,,,,
2021-01-27,7.160023704999063,,,,,,
2021-01-29,5.157560277753981,,,,,,
2021-02-01,6.001251524661866,,,,,,
2021-02-03,6.0140013872903575,,,,,,
2021-02-04,5.976166828962737,,,,,,
2021-02-05,4.649567470044302,,,,,,
2021-02-10,4.507500473687021,,,,,,
2021-02-11,4.527389695471751,,,,,,
2021-02-17,9.494952220473852,,,,,,
2021-02-18,9.46988953422736,,,,,,
2021-02-19,9.536837198014393,,,,,,
2021-02-24,9.586482601689372,,,,,,
2021-02-25,9.603954676635574,,,,,,
2021-02-26,8.752437919003242,,,,,,
2021-03-01,10.041737879713718,,,,,,
2021-03-03,9.085066481912252,,,,,,
2021-03-04,8.953857924406194,,,,,,
2021-03-05,8.346383463455354,,,,,,
2021-03-08,8.354139642386915,,,,,,
2021-03-10,8.381140217789461,,,,,,
2021-03-12,8.290419021266814,,,,,,
2021-03-16,5.930659164952945,,,,,,
2021-03-17,5.739061434093884,,,,,,
2021-03-22,5.6494661293389425,,,,,,
2021-03-23,5.567990044487359,,,,,,
2021-03-24,5.417989260363409,,,,,,
2021-03-26,4.712425658245212,,,,,,
2021-04-01,6.031185530132488,,,,,,
2021-04-02,6.238816812088088,,,,,,
2021-04-05,6.243290099191445,,,,,,
2021-04-07,6.189742127632147,,,,,,
2021-04-09,6.046966535960041,,,,,,
2021-04-12,6.121681663617817,,,,,,
2021-04-13,6.122130257578395,,,,,,
2021-04-14,6.188589589724747,,,,,,
2021-04-15,8.329902574852998,,,,,,
2021-04-16,8.320637593594293,,,,,,
2021-04-22,8.271803567982406,,,,,,
2021-04-23,8.267330026852049,,,,,,
2021-04-26,8.184036675638428,,,,,,
2021-04-28,7.869407831904041,,,,,,
2021-04-30,10.3867222766472,,,,,,
2021-05-03,13.174779996461861,,,,,,
2021-05-04,13.56717330598558,,,,,,
2021-05-05,13.708593476815123,,,,,,
2021-05-07,11.002575425787464,,,,,,
2021-05-12,11.497627681074363,,,,,,
2021-05-13,11.49443297827868,,,,,,
2021-05-14,10.541693513466054,,,,,,
2021-05-18,10.131849313074204,,,,,,
2021-05-21,9.653455408121502,,,,,,
2021-05-25,9.686991206482642,,,,,,
2021-05-27,9.102693594620215,,,,,,
2021-05-28,9.310986588181436,,,,,,
2021-06-01,10.313457459726937,,,,,,
2021-06-03,10.15597759261182,,,,,,
2021-06-04,9.299491172415708,,,,,,
2021-06-08,9.382336364003407,,,,,,
2021-06-09,9.273390565001582,,,,,,
2021-06-10,9.1250517176092,,,,,,
2021-06-15,10.5252802212559,,,,,,
2021-06-16,10.275111479230148,,,,,,
2021-06-22,10.151910917237327,,,,,,
2021-06-23,10.050645436429129,,,,,,
2021-06-24,9.673108596342539,,,,,,
2021-06-25,8.343986043516116,,,,,,
2021-07-01,8.631605154306875,,,,,,
2021-07-02,7.78093579787924,,,,,,
2021-07-06,7.787072328317302,,,,,,
2021-07-09,7.864600907619956,,,,,,
2021-07-13,7.673675392709067,,,,,,
2021-07-14,7.6909850552332015,,,,,,
2021-07-15,7.481001707179824,,,,,,
2021-07-16,7.52810935544892,,,,,,
2021-07-20,7.570492590405586,,,,,,
2021-07-22,7.616222483765367,,,,,,
2021-07-26,7.56344959546611,,,,,,
2021-07-27,7.384554588074277,,,,,,
2021-07-28,6.426515456058124,,,,,,
2021-07-30,6.088177445006715,,,,,,
2021-08-02,6.325612968749428,,,,,,
2021-08-03,6.268677447550908,,,,,,
2021-08-04,6.059717129035391,,,,,,
2021-08-05,6.059478010867569,,,,,,
2021-08-06,6.020287406497227,,,,,,
2021-08-11,6.030821335070602,,,,,,
2021-08-12,6.033550695579093,,,,,,
2021-08-13,6.033864503434616,,,,,,
2021-08-17,6.2034389313711635,,,,,,
2021-08-18,6.132884928035076,,,,,,
2021-08-23,6.147635949498587,,,,,,
2021-08-24,6.023257445090491,,,,,,
2021-08-25,5.709801995356978,,,,,,
2021-08-27,5.053859122204929,,,,,,
2021-09-01,5.296831137785474,,,,,,
2021-09-02,3.6613557490047244,,,,,,
2021-09-03,3.672611862614561,,,,,,
2021-09-10,3.6566370008406235,,,,,,
2021-09-13,3.565439485162636,,,,,,
2021-09-14,3.579064370502172,,,,,,
2021-09-15,3.6500750290336503,,,,,,
2021-09-16,3.6496966596408553,,,,,,
2021-09-21,3.661653547908972,,,,,,
2021-09-22,3.5770746431862177,,,,,,
2021-09-24,3.4896196973802196,,,,,,
2021-09-27,3.1664771043011353,,,,,,
2021-09-28,2.97768361547619,,,,,,
2021-10-01,2.2662183799180946,,,,,,
2021-10-04,1.3380159437772265,,,,,,
2021-10-05,1.333183400909066,,,,,,
2021-10-08,1.3056406956307498,,,,,,
2021-10-13,1.3218392628747466,,,,,,
2021-10-14,1.2942796628520714,,,,,,
2021-10-15,1.1653354861598464,,,,,,
2021-10-18,0.5147302360655193,,,,,,
2021-10-19,0.532810832443853,,,,,,
2021-10-21,0.6367673251715944,,,,,,
2021-10-22,0.41065534223967415,,,,,,
2021-10-26,0.43114131603503303,,,,,,
2021-10-27,0.1949612950940871,,,,,,
2021-10-29,6.6046485489055895,,,,,,
2021-11-01,8.163665045806567,,,,,,
2021-11-03,8.515420450188893,,,,,,
2021-11-04,8.535922787260297,,,,,,
2021-11-05,8.371909548875944,,,,,,
2021-11-09,8.379064601157559,,,,,,
2021-11-10,8.171971629693676,,,,,,
2021-11-11,8.066259198381598,,,,,,
2021-11-16,8.672343276991135,,,,,,
2021-11-17,8.20853870897269,,,,,,
2021-11-22,8.195843806496672,,,,,,
2021-11-24,8.572873370035982,,,,,,
2021-12-01,9.738934338852667,,,,,,
2021-12-03,8.921571468679513,,,,,,
2021-12-07,8.637783313003155,,,,,,
2021-12-09,8.722038463989046,,,,,,
2021-12-10,8.76282785096214,,,,,,
2021-12-14,8.747377763762799,,,,,,
2021-12-15,6.970052859267617,,,,,,
2021-12-16,7.16030047958387,,,,,,
2021-12-22,7.14839478911149,,,,,,
2021-12-23,7.641026903883419,,,,,,
2021-12-29,7.275230223138052,,,,,,
2022-01-03,7.22861007301916,,,,,,
2022-01-04,7.35924648614334,,,,,,
2022-01-06,6.7310236237190235,,,,,,
2022-01-07,6.713667753243868,,,,,,
2022-01-10,6.7813708783250215,,,,,,
2022-01-12,6.728835895780461,,,,,,
2022-01-13,6.778631246081557,,,,,,
2022-01-14,5.0460403718048275,,,,,,
2022-01-19,5.137391358932875,,,,,,
2022-01-20,5.1152845385004975,,,,,,
2022-01-26,6.498600154134548,,,,,,
2022-01-28,0.05053908365251214,,,,,,
2022-02-01,0.1436151378419348,,,,,,
2022-02-02,1.3204038144042363,,,,,,
2022-02-03,1.244027748063714,,,,,,
2022-02-04,0.8820888665127313,,,,,,
2022-02-08,0.7309607077310432,,,,,,
2022-02-09,0.712622243457095,,,,,,
2022-02-10,0.6439711957554106,,,,,,
2022-02-15,0.6413730562623732,,,,,,
2022-02-16,1.5399600492184362,,,,,,
2022-02-17,1.2847200175915674,,,,,,
2022-02-18,1.6513459489280846,,,,,,
2022-02-25,0.6312577526397467,,,,,,
2022-02-28,-0.47800035226027715,,,,,,
2022-03-01,0.040506360737357916,,,,,,
2022-03-02,-0.23473037145338438,,,,,,
2022-03-03,-0.3754623747743491,,,,,,
2022-03-04,-0.22065219313344153,,,,,,
2022-03-08,0.5170182887914043,,,,,,
2022-03-10,0.50200631753472,,,,,,
2022-03-15,0.5063208072432657,,,,,,
2022-03-16,1.1733711478167486,,,,,,
2022-03-17,1.253857139234582,,,,,,
2022-03-18,1.0427317036972639,,,,,,
2022-03-23,1.0206924845881815,,,,,,
2022-03-24,0.8667180468441282,,,,,,
2022-03-28,1.3553415698955185,,,,,,
2022-03-31,1.30297833160129,,,,,,
2022-04-01,1.5136748511231035,,,,,,
2022-04-04,1.3941778932940352,,,,,,
2022-04-05,0.884557088640725,,,,,,
2022-04-08,1.0577231320697544,,,,,,
2022-04-12,0.9028837751954066,,,,,,
2022-04-13,0.8118737289122491,,,,,,
2022-04-14,1.0822884727886173,,,,,,
2022-04-15,1.3051716215372489,,,,,,
2022-04-19,1.3213820964948608,,,,,,
2022-04-20,1.2706818313798163,,,,,,
2022-04-25,0.3102451524384042,,,,,,
2022-04-26,0.4458665106264803,,,,,,
2022-04-27,0.3727729330314622,,,,,,
2022-04-29,1.8689355793886087,,,,,,
2022-05-02,1.6032495257264578,,,,,,
2022-05-03,1.5842129490945434,,,,,,
2022-05-04,2.1564259583013223,,,,,,
2022-05-06,2.037631557659858,,,,,,
2022-05-09,1.8480449862933401,,,,,,
2022-05-11,1.8971557005926343,,,,,,
2022-05-12,1.8625729355843612,,,,,,
2022-05-13,1.9683146815022923,,,,,,
2022-05-17,2.501933463202688,,,,,,
2022-05-18,2.398483524110029,,,,,,
2022-05-19,2.309760821729734,,,,,,
2022-05-24,2.1421331447200265,,,,,,
2022-05-25,1.8057927516682115,,,,,,
2022-05-27,1.9247745099165936,,,,,,
2022-06-01,1.2810057388838114,,,,,,
2022-06-02,0.29842805463744515,,,,,,
2022-06-03,1.041400296920325,,,,,,
2022-06-07,0.8887867951635764,,,,,,
2022-06-08,0.8841523096878134,,,,,,
2022-06-10,0.7425156425448831,,,,,,
2022-06-14,0.7287822867263705,,,,,,
2022-06-15,-0.0017390183752463706,,,,,,
2022-06-16,0.027262804051852996,,,,,,
2022-06-17,0.3499119835018938,,,,,,
2022-06-21,0.2685128044279228,,,,,,
2022-06-24,0.22456781986661678,,,,,,
2022-06-27,0.25638165165140503,,,,,,
2022-06-28,0.7238084811838519,,,,,,
2022-06-30,-1.0082764121350896,,,,,,
2022-07-01,-2.0775228422377556,,,,,,
2022-07-05,-1.8278566285201303,,,,,,
2022-07-06,-1.8071974191536166,,,,,,
2022-07-07,-1.8651034115785503,,,,,,
2022-07-08,-1.2393263199065974,,,,,,
2022-07-13,-1.3027437204546133,,,,,,
2022-07-14,-1.1496366372475197,,,,,,
2022-07-15,-1.524465655778151,,,,,,
2022-07-19,-1.5927493090175382,,,,,,
2022-07-20,-1.6540771387696718,,,,,,
2022-07-26,-1.7602402734778977,,,,,,
2022-07-27,-1.2001591391985533,,,,,,
2022-07-29,2.061531165671049,,,,,,
2022-08-01,1.2581542516872046,,,,,,
2022-08-03,1.6729202290879375,,,,,,
2022-08-04,1.448832963223512,,,,,,
2022-08-05,2.364648547559689,,,,,,
2022-08-10,2.4532670380279287,,,,,,
2022-08-11,2.5143660077729946,,,,,,
2022-08-12,2.5151665246804455,,,,,,
2022-08-16,1.8100315545892753,,,,,,
2022-08-17,1.623079660024418,,,,,,
2022-08-18,1.5362307374116702,,,,,,
2022-08-23,1.421976223596677,,,,,,
2022-08-24,1.378632621317566,,,,,,
2022-08-26,1.5669997843076766,,,,,,
2022-09-01,2.5916821067603513,,,,,,
2022-09-02,1.351912876316952,,,,,,
2022-09-06,1.3535505822518612,,,,,,
2022-09-07,1.3612181423981573,,,,,,
2022-09-09,1.302318548380077,,,,,,
2022-09-13,1.4291422014478083,,,,,,
2022-09-14,1.5298535397703539,,,,,,
2022-09-15,0.5214222342764474,,,,,,
2022-09-20,0.3067757469796817,,,,,,
2022-09-21,0.19848556260724237,,,,,,
2022-09-27,0.2705483464326086,,,,,,
2022-09-28,1.580980276991828,,,,,,
2022-09-30,2.42481898852274,,,,,,
2022-10-03,2.283574714445824,,,,,,
2022-10-04,2.45676305859861,,,,,,
2022-10-05,2.696914416873142,,,,,,
2022-10-07,2.8905382814814917,,,,,,
2022-10-12,2.8484660687205565,,,,,,
2022-10-13,2.8530366202704993,,,,,,
2022-10-14,2.8086102065251417,,,,,,
2022-10-18,2.9009625254837745,,,,,,
2022-10-19,2.8522073933826997,,,,,,
2022-10-20,2.8400649756970653,,,,,,
2022-10-21,3.09512769892466,,,,,,
2022-10-26,3.0884676220862772,,,,,,
2022-10-28,3.0667268970247408,,,,,,
2022-11-01,2.598865559269581,,,,,,
2022-11-02,3.7572829752186454,,,,,,
2022-11-03,3.603278896735107,,,,,,
2022-11-04,3.824810774391718,,,,,,
2022-11-09,4.0014531087803284,,,,,,
2022-11-10,4.018215128135072,,,,,,
2022-11-15,4.006979318068571,,,,,,
2022-11-16,4.382035687882313,,,,,,
2022-11-17,4.181170275563484,,,,,,
2022-11-18,4.146348973026215,,,,,,
2022-11-23,4.257807094667254,,,,,,
2022-11-30,4.002606192285452,,,,,,
2022-12-01,2.8374992691983403,,,,,,
2022-12-02,3.5901259039388345,,,,,,
2022-12-05,3.114853696490205,,,,,,
2022-12-06,3.3646540931198565,,,,,,
2022-12-09,3.1869334807605787,,,,,,
2022-12-12,3.138083199208208,,,,,,
2022-12-15,2.7809750239938813,,,,,,
2022-12-20,2.727488230429409,,,,,,
2022-12-23,3.657040362137165,,,,,,
2022-12-27,3.597583788059544,,,,,,
2023-01-03,3.908557907396415,,,,,,
2023-01-04,3.98492490183171,,,,,,
2023-01-05,3.756458425894471,,,,,,
2023-01-06,4.1344920919569095,,,,,,
2023-01-10,4.069892762159388,,,,,,
2023-01-12,4.020670757455402,,,,,,
2023-01-13,4.11099962444883,,,,,,
2023-01-18,3.4939966383512377,,,,,,
2023-01-19,3.5299370937739827,,,,,,
2023-01-20,3.5294188097213075,,,,,,
2023-01-27,0.6739023529150234,,,,,,
2023-02-01,0.6752345557880846,,,,,,
2023-02-02,2.0742759264642086,,,,,,
2023-02-03,2.136624334550241,,,,,,
2023-02-07,2.0847333577416416,,,,,,
2023-02-08,2.159229434000709,,,,,,
2023-02-10,2.1528785752182866,,,,,,
2023-02-14,2.1418911143565422,,,,,,
2023-02-15,2.422679304167774,,,,,,
2023-02-16,2.4949776374239008,,,,,,
2023-02-17,2.490264024549349,,,,,,
2023-02-21,2.474470613275659,,,,,,
2023-02-24,2.7453612790511173,,,,,,
2023-02-27,2.801872927289484,,,,,,
2023-02-28,2.2558355906292293,,,,,,
2023-03-01,2.2684353315725048,,,,,,
2023-03-02,2.0399550286777535,,,,,,
2023-03-03,2.051322856152593,,,,,,
2023-03-06,2.0430905038070435,,,,,,
2023-03-07,2.0434090717311504,,,,,,
2023-03-08,2.633174147289874,,,,,,
2023-03-10,2.802536002071898,,,,,,
2023-03-14,2.8302313459292128,,,,,,
2023-03-15,3.153204454500358,,,,,,
2023-03-16,3.248463926828893,,,,,,
2023-03-17,3.242583362909235,,,,,,
2023-03-21,3.4550951743089753,,,,,,
2023-03-23,3.4712009358734086,,,,,,
2023-03-24,3.194071851781022,,,,,,
2023-03-28,2.6796475463328973,,,,,,
2023-03-31,2.48856863442688,,,,,,
2023-04-03,1.709180564338264,,,,,,
2023-04-04,1.9988026206767762,,,,,,
2023-04-05,1.4691056929700963,,,,,,
2023-04-07,2.2287651187181012,,,,,,
2023-04-10,2.1651275365664135,,,,,,
2023-04-12,2.2691443972131964,,,,,,
2023-04-13,2.289792188843709,,,,,,
2023-04-14,2.4679957783761086,,,,,,
2023-04-18,2.47751716746174,,,,,,
2023-04-20,2.444222626477166,,,,,,
2023-04-24,1.2829010810128327,,,,,,
2023-04-25,1.4107430443325297,,,,,,
2023-04-26,1.132574910266304,,,,,,
2023-04-28,1.6602967850755546,,,,,,
2023-05-01,1.836917625079315,,,,,,
2023-05-02,1.856112638559737,,,,,,
2023-05-03,2.6537553436470906,,,,,,
2023-05-04,2.660109595310667,,,,,,
2023-05-05,2.6715445196167753,,,,,,
2023-05-08,2.7476870560440236,,,,,,
2023-05-10,2.702559971746199,,,,,,
2023-05-11,2.70407463211475,,,,,,
2023-05-12,2.606006969703256,,,,,,
2023-05-16,2.6086613331850694,,,,,,
2023-05-17,2.886387671665469,,,,,,
2023-05-18,2.892794155085565,,,,,,
2023-05-23,2.80955720382261,,,,,,
2023-05-26,1.9001360569436354,,,,,,
2023-06-01,1.9599159840436142,,,,,,
2023-06-02,2.3011608487928825,,,,,,
2023-06-05,2.282660688591198,,,,,,
2023-06-07,2.2236324644480554,,,,,,
2023-06-08,2.195158913447015,,,,,,
2023-06-12,2.124940612011983,,,,,,
2023-06-13,2.1444833573466493,,,,,,
2023-06-14,2.1720268911491702,,,,,,
2023-06-15,1.7658105587258666,,,,,,
2023-06-20,1.9462997457417863,,,,,,
2023-06-22,1.911880115108744,,,,,,
2023-06-27,1.7704531984055416,,,,,,
2023-06-28,1.639991178266964,,,,,,
2023-06-30,2.166234994141081,,,,,,
2023-07-03,1.9422065733414984,,,,,,
2023-07-05,1.9697251637885715,,,,,,
2023-07-06,2.128555411753741,,,,,,
2023-07-07,2.230206402319257,,,,,,
2023-07-10,2.291350945201631,,,,,,
2023-07-12,2.2690655719916686,,,,,,
2023-07-13,2.3622994147636023,,,,,,
2023-07-14,2.412516212980176,,,,,,
2023-07-18,2.3859200030782457,,,,,,
2023-07-19,2.4221294085417178,,,,,,
2023-07-20,2.3999857628203225,,,,,,
2023-07-26,2.412575787510307,,,,,,
2023-07-28,3.5460409626660416,,,,,,
2023-08-01,3.865801600456553,,,,,,
2023-08-03,4.031177331622815,,,,,,
2023-08-04,4.048704145280002,,,,,,
2023-08-08,4.121833059025759,,,,,,
2023-08-10,4.090114890218199,,,,,,
2023-08-11,4.088270269860761,,,,,,
2023-08-15,5.032185227648078,,,,,,
2023-08-16,5.756788118918088,,,,,,
2023-08-22,5.73084837764386,,,,,,
2023-08-23,5.661282467968443,,,,,,
2023-08-24,5.906274758540109,,,,,,
2023-08-31,5.630099271624434,,,,,,
2023-09-01,5.639456816242072,,,,,,
2023-09-05,5.4003011127207845,,,,,,
2023-09-06,5.575847654457977,,,,,,
2023-09-08,5.570638681854301,,,,,,
2023-09-13,5.45836636534649,,,,,,
2023-09-14,4.9380759111381956,,,,,,
2023-09-15,4.885486714034948,,,,,,
2023-09-19,4.863692614701587,,,,,,
2023-09-21,4.829852143406388,,,,,,
2023-09-26,4.811598579913312,,,,,,
2023-09-27,4.923371885222982,,,,,,
2023-09-29,4.932464774095857,,,,,,
2023-10-02,4.869665842234805,,,,,,
2023-10-04,4.903154334733184,,,,,,
2023-10-05,4.860142563772585,,,,,,
2023-10-06,5.133922923354017,,,,,,
2023-10-10,5.147066928657207,,,,,,
2023-10-11,5.127570711328278,,,,,,
2023-10-12,5.1421071791839745,,,,,,
2023-10-13,5.192803220872078,,,,,,
2023-10-17,5.437963092856313,,,,,,
2023-10-18,5.410918274684495,,,,,,
2023-10-19,5.38265178199302,,,,,,
2023-10-20,5.374035357621532,,,,,,
2023-10-25,5.405217384992245,,,,,,
2023-10-27,2.25660344961649,,,,,,
2023-11-01,1.236160201542602,,,,,,
2023-11-02,1.4480576348379959,,,,,,
2023-11-03,2.1903346646493516,,,,,,
2023-11-07,2.0871194320007946,,,,,,
2023-11-08,2.061955655559733,,,,,,
2023-11-14,2.054371800323551,,,,,,
2023-11-15,2.1983338848878375,,,,,,
2023-11-16,1.8018288642772662,,,,,,
2023-11-17,1.9703689290860416,,,,,,
2023-11-21,1.9291559248972634,,,,,,
2023-11-22,2.102486538889492,,,,,,
2023-11-27,1.8628593527241222,,,,,,
2023-11-29,1.807254916249179,,,,,,
2023-11-30,1.7658579805376995,,,,,,
2023-12-01,1.1863040823473892,,,,,,
2023-12-04,1.2720014561069748,,,,,,
2023-12-05,1.297096800070907,,,,,,
2023-12-06,1.2731798271473416,,,,,,
2023-12-07,1.246432412259546,,,,,,
2023-12-08,2.339158273973241,,,,,,
2023-12-12,2.367448648977044,,,,,,
2023-12-13,2.389048526958071,,,,,,
2023-12-14,2.61437801781248,,,,,,
2023-12-15,2.5895506420714254,,,,,,
2023-12-19,2.6797671346713736,,,,,,
2023-12-20,2.6705394259610493,,,,,,
2023-12-22,2.2630769529830452,,,,,,
2023-12-28,1.9105944364238292,,,,,,
2024-01-02,2.030270210362195,,,,,,
2024-01-03,2.51028412583576,,,,,,
2024-01-04,2.4327041164631913,,,,,,
2024-01-05,2.0175272265059663,,,,,,
2024-01-09,2.234165027463475,,,,,,
2024-01-10,2.208291260415285,,,,,,
2024-01-11,2.207542215680669,,,,,,
2024-01-12,2.2328713222959706,,,,,,
2024-01-17,2.412475661204283,,,,,,
2024-01-18,2.3910344232867864,,,,,,
2024-01-19,2.3834137458038196,,,,,,
2024-01-26,3.0461863734394523,,,,,,
2024-02-01,4.223446321049407,,,,,,
2024-02-02,3.471310936557659,,,,,,
2024-02-05,3.4775957527332757,,,,,,
2024-02-07,3.3929987211603674,,,,,,
2024-02-08,3.4231046050467784,,,,,,
2024-02-12,3.425103208200597,,,,,,
2024-02-13,3.425429635528876,,,,,,
2024-02-15,2.86354816382548,,,,,,
2024-02-16,2.8660872580219765,,,,,,
2024-02-22,2.9007337904330077,,,,,,
2024-02-26,3.1649724181623373,,,,,,
2024-02-27,3.24651627587349,,,,,,
2024-02-29,2.9546218940665003,,,,,,
2024-03-01,2.122201971032611,,,,,,
2024-03-05,2.627718716743477,,,,,,
2024-03-06,2.543567672692193,,,,,,
2024-03-07,2.5346557443534534,,,,,,
2024-03-08,3.201349614991167,,,,,,
2024-03-12,3.176025003493832,,,,,,
2024-03-14,2.3386074274706514,,,,,,
2024-03-15,1.9688837584219465,,,,,,
2024-03-19,2.0759455831642626,,,,,,
2024-03-21,2.218263852312119,,,,,,
2024-03-25,2.190132587828564,,,,,,
2024-03-26,2.141495477350608,,,,,,
2024-03-29,2.334132567836633,,,,,,
2024-04-01,2.819373840071271,,,,,,
2024-04-02,2.827056358624791,,,,,,
2024-04-03,2.4723367283456144,,,,,,
2024-04-04,2.4662639116808105,,,,,,
2024-04-05,2.319674081294254,,,,,,
2024-04-10,2.357908591071922,,,,,,
2024-04-11,2.370293564675441,,,,,,
2024-04-12,2.416289365910318,,,,,,
2024-04-15,2.796054228728573,,,,,,
2024-04-16,2.897098941383458,,,,,,
2024-04-18,2.8537800794256496,,,,,,
2024-04-23,2.7558026954565884,,,,,,
2024-04-24,2.7046941949433245,,,,,,
2024-04-26,3.881236469933347,,,,,,
2024-05-01,3.2707698442872912,,,,,,
2024-05-02,3.307604526740726,,,,,,
2024-05-03,4.142649221078454,,,,,,
2024-05-08,4.176755217132011,,,,,,
2024-05-10,4.166607108673803,,,,,,
2024-05-14,4.168152978558193,,,,,,
2024-05-15,3.7711644237009567,,,,,,
2024-05-16,3.595240776183428,,,,,,
2024-05-22,3.5668865278698725,,,,,,
2024-05-23,3.4364737009453084,,,,,,
2024-05-24,3.521738437339872,,,,,,
2024-05-31,2.661451846637952,,,,,,
2024-06-03,1.8457335265463115,,,,,,
2024-06-04,2.2534618891333125,,,,,,
2024-06-05,2.406011361011462,,,,,,
2024-06-06,2.575514592162609,,,,,,
2024-06-07,3.1053049952308287,,,,,,
2024-06-12,3.1341326452388074,,,,,,
2024-06-13,3.2107284993405205,,,,,,
2024-06-14,3.192627734308573,,,,,,
2024-06-18,3.08533780628355,,,,,,
2024-06-20,3.0069804632481656,,,,,,
2024-06-21,2.978986680674467,,,,,,
2024-06-26,2.954335392948648,,,,,,
2024-06-27,2.6892690212033443,,,,,,
2024-06-28,2.2478157829772583,,,,,,
2024-07-01,1.729068457736882,,,,,,
2024-07-03,1.5468512839182935,,,,,,
2024-07-05,1.9858240202791366,,,,,,
2024-07-10,2.0218475171304817,,,,,,
2024-07-11,1.99720187480503,,,,,,
2024-07-12,2.03612848643735,,,,,,
2024-07-16,2.4542241748477966,,,,,,
2024-07-17,2.726431643409022,,,,,,
2024-07-23,2.6007706740820424,,,,,,
2024-07-24,2.613167438748376,,,,,,
2024-07-26,2.830051291461033,,,,,,
2024-08-01,2.545481282156259,,,,,,
2024-08-02,2.9094999243120423,,,,,,
2024-08-05,2.902324441980131,,,,,,
2024-08-06,2.89552371213226,,,,,,
2024-08-08,2.9095909844948586,,,,,,
2024-08-13,2.8898347602341667,,,,,,
2024-08-14,2.890145723839832,,,,,,
2024-08-15,2.435154560905106,,,,,,
2024-08-16,1.9896251069194903,,,,,,
2024-08-22,1.9576397755629138,,,,,,
2024-08-23,1.9936428057050648,,,,,,
2024-08-26,1.9907684731621522,,,,,,
2024-08-30,2.5314693208529304,,,,,,
2024-09-03,2.038297347850282,,,,,,
2024-09-04,2.0902361474595565,,,,,,
2024-09-05,1.9662753912230713,,,,,,
2024-09-06,2.4832938532933113,,,,,,
2024-09-09,2.4706600887286045,,,,,,
2024-09-11,2.4870527005623755,,,,,,
2024-09-12,2.5262946065726544,,,,,,
2024-09-13,2.5699871461993817,,,,,,
2024-09-17,2.9931152081617007,,,,,,
2024-09-18,2.929599123246285,,,,,,
2024-09-19,2.8710592203673,,,,,,
2024-09-25,2.8065121169274176,,,,,,
2024-09-27,3.077308038796689,,,,,,
2024-10-01,2.538419431870298,,,,,,
2024-10-03,3.083092437078472,,,,,,
2024-10-04,3.2973354941783883,,,,,,
2024-10-08,3.230432330288391,,,,,,
2024-10-09,3.215523628334682,,,,,,
2024-10-10,3.21848099301576,,,,,,
2024-10-11,3.221698558381747,,,,,,
2024-10-16,3.2353944992055794,,,,,,
2024-10-17,3.417706721470104,,,,,,
2024-10-18,3.429919401776793,,,,,,
2024-10-23,3.4198250343806746,,,,,,
2024-10-24,3.46022946917253,,,,,,
2024-10-25,3.31298290116233,,,,,,
2024-10-29,2.7889759806432,,,,,,
2024-10-31,2.66172730675214,,,,,,
2024-11-01,2.321792732388528,,,,,,
2024-11-04,2.4365512062295425,,,,,,
2024-11-05,2.3815911249398747,,,,,,
2024-11-07,2.4510450325422095,,,,,,
2024-11-13,2.4592752294317233,,,,,,
2024-11-14,2.4581044357182558,,,,,,
2024-11-15,2.530006507383864,,,,,,
2024-11-19,2.5796524759205575,,,,,,
2024-11-21,2.6030709899368176,,,,,,
2024-11-26,2.804349780770332,,,,,,
2024-11-27,2.68895597561201,,,,,,
2024-12-02,3.1579234492219665,,,,,,
2024-12-04,3.08943438657312,,,,,,
2024-12-05,3.2932271553023362,,,,,,
2024-12-06,3.3317454717123773,,,,,,
2024-12-09,3.3343223778740994,,,,,,
2024-12-11,3.3600742830196983,,,,,,
2024-12-12,3.332893251289337,,,,,,
2024-12-13,3.2943140579601238,,,,,,
2024-12-17,3.141363177401324,,,,,,
2024-12-18,3.163703906640869,,,,,,
2024-12-20,3.081672727864726,,,,,,
2024-12-24,3.0909689849428545,,,,,,
2024-12-27,2.543059330189057,,,,,,
2025-01-02,2.5864696140998067,,,,,,
2025-01-03,2.4491982805155077,,,,,,
2025-01-06,2.558423812142352,,,,,,
2025-01-07,2.6802054036874523,,,,,,
2025-01-09,2.7255587944853943,,,,,,
2025-01-10,2.72174949908222,,,,,,
2025-01-14,2.772858514104315,,,,,,
2025-01-15,2.776646536330407,,,,,,
2025-01-16,2.9625899580785875,,,,,,
2025-01-17,2.99421316353687,,,,,,
2025-01-24,3.00634427964699,,,,,,
2025-01-27,3.01270230874695,,,,,,
2025-01-28,3.1778703318754653,,,,,,
2025-01-29,2.2710870739099054,,,,,,
2025-01-31,2.889835868978663,,,,,,
2025-02-03,3.87875873953962,,,,,,
2025-02-04,3.042208623648257,,,,,,
2025-02-05,2.8860889065351225,,,,,,
2025-02-07,2.94159804636232,,,,,,
2025-02-12,2.9435945945679665,,,,,,
2025-02-13,2.9456588422666075,,,,,,
2025-02-14,2.34086730858554,,,,,,
2025-02-19,2.3388429872606142,,,,,,
2025-02-21,2.32597416365541,,,,,,
2025-02-26,2.3210488288696984,,,,,,
2025-02-28,-1.4767467891839803,,,,,,
2025-03-03,-2.8246718495502754,,,,,,
2025-03-04,-2.330354903010612,,,,,,
2025-03-05,-2.284178509722745,,,,,,
2025-03-06,-2.406758732022174,,,,,,
2025-03-07,-1.61140985580268,,,,,,
2025-03-12,-1.6061880012288587,,,,,,
2025-03-13,-1.601519454387823,,,,,,
2025-03-17,-2.0563271323034926,,,,,,
2025-03-18,-1.7578712870223612,,,,,,
2025-03-20,-1.700453089151921,,,,,,
2025-03-25,-1.8517414359671691,,,,,,
2025-03-26,-1.805612244572874,,,,,,
2025-03-28,-2.80406823709215,,,,,,
2025-04-01,-3.6699715170117386,,,,,,
2025-04-02,-3.0231099898912,,,,,,
2025-04-03,-2.847627641615047,,,,,,
2025-04-04,-2.42262579152042,,,,,,
2025-04-09,-2.4160697154585797,,,,,,
2025-04-10,-2.418040553253442,,,,,,
2025-04-11,-2.42834974312876,,,,,,
2025-04-15,-2.5934068750639194,,,,,,
2025-04-16,-2.1651859557053843,,,,,,
2025-04-17,-2.1972693573975577,,,,,,
2025-04-23,-2.278952266659162,,,,,,
2025-04-24,-2.506046108505122,,,,,,
2025-04-29,-2.7317671635041396,,,,,,
2025-04-30,2.3643671709502767,,,,,,
2025-05-01,1.1059010581224937,,,,,,
2025-05-02,2.20151199362557,,,,,,
2025-05-05,2.20148903185713,,,,,,
2025-05-06,2.2354350815115165,,,,,,
2025-05-08,2.2576810532066727,,,,,,
2025-05-12,2.2424463513872,,,,,,
2025-05-13,2.23968159649903,,,,,,
2025-05-15,2.530688664995262,,,,,,
2025-05-16,2.354382911682329,,,,,,
2025-05-19,2.367523873803856,,,,,,
2025-05-22,2.3317119070882075,,,,,,
2025-05-23,2.4020494483620203,,,,,,
2025-05-27,2.182296193876865,,,,,,
2025-05-30,3.8366282044991,,,,,,
2025-06-02,4.642428100087437,,,,,,
2025-06-03,4.651456428700174,,,,,,
2025-06-04,3.50296358799449,,,,,,
2025-06-05,3.794655418075865,,,,,,
2025-06-06,3.694222578159856,,,,,,
2025-06-09,3.7693388741848466,,,,,,
2025-06-11,3.7341950932716195,,,,,,
2025-06-12,3.7412515374896094,,,,,,
2025-06-17,3.468893391449912,,,,,,
2025-06-18,3.398867266388339,,,,,,
2025-06-23,3.4054668925609377,,,,,,
2025-06-25,3.351042421974393,,,,,,
2025-06-27,2.8514854487345698,,,,,,
2025-07-01,2.5455228702700783,,,,,,
2025-07-02,2.426465472100392,,,,,,
2025-07-03,2.608475580214109,,,,,,
2025-07-09,2.583925714621005,,,,,,
2025-07-11,2.549237006474714,,,,,,
2025-07-15,2.54307973689769,,,,,,
2025-07-16,2.66472623048832,,,,,,
2025-07-17,2.3932202546518067,,,,,,
2025-07-18,2.3645366601109608,,,,,,
2025-07-23,2.34889367374092,,,,,,
2025-07-24,2.36508705372818,,,,,,
2025-07-25,2.378659515224224,,,,,,
2025-07-29,2.90204974653705,,,,,,
2025-07-31,2.3372743969581222,,,,,,
2025-08-01,2.146417476665796,,,,,,
2025-08-04,2.46121547470033,,,,,,
2025-08-05,2.4562061833006688,,,,,,
2025-08-07,2.5257355900733414,,,,,,
2025-08-12,2.5226487662754815,,,,,,
2025-08-14,2.518434379160883,,,,,,
2025-08-15,2.548834257678001,,,,,,
2025-08-19,2.2635741461014103,,,,,,
2025-08-21,2.247761640971979,,,,,,
2025-08-25,2.165904611520708,,,,,,
2025-08-26,2.1766351102843418,,,,,,
2025-08-29,3.4704749517094013,,,,,,
2025-09-02,3.0399018214242846,,,,,,
2025-09-03,3.0445747193150297,,,,,,
2025-09-04,2.998306701755604,,,,,,
2025-09-05,3.0917213479641825,,,,,,
2025-09-10,3.088333582281555,,,,,,
2025-09-11,3.113338449544667,,,,,,
2025-09-16,3.413223083979866,,,,,,
2025-09-17,3.3358161292962096,,,,,,
2025-09-24,3.4056516474968657,,,,,,
2025-09-26,3.898876480666824,,,,,,
2025-10-01,3.841608184158374,,,,,,
2025-10-03,3.765556207359677,,,,,,
2025-10-16,3.8908189070006483,,,,,,
2025-10-23,3.93693829848638,,,,,,
2025-10-24,3.9263709654952184,,,,,,
2025-11-03,3.9894351542548057,,,,,,
2025-11-05,3.97726394223763,,,,,,
2025-11-17,4.054827481420342,,,,,,
2025-11-18,4.044533550591267,,,,,,
2025-11-19,4.229331289684346,,,,,,
2025-11-20,4.165648228448893,,,,,,
2025-11-21,4.221803709240346,,,,,,
2025-11-24,4.217597569315457,,,,,,
2025-11-25,4.022889896307191,,,,,,
2025-11-26,3.8556269581101477,,,,,,
2025-12-01,3.852724944009722,,,,,,
2025-12-03,3.8449713551138354,,,,,,
2025-12-04,3.810175048617559,,,,,,
2025-12-05,3.528252664303766,,,,,,
2025-12-11,3.570528958541508,,,,,,
2025-12-16,3.472757826901196,,,,,,
2025-12-23,2.9721213343643305,,,,,,
2026-01-05,2.6786108614324178,,,,,,
2026-01-06,2.874722124313478,,,,,,
2026-01-07,2.9031401951134406,,,,,,
2026-01-08,5.447829407579996,,,,,,
2026-01-09,5.130825586335397,,,,,,
2026-01-13,5.109864481541493,,,,,,
2026-01-14,5.296166955177606,,,,,,
2026-01-15,5.19260979192111,,,,,,
2026-01-16,5.274120581205,,,,,,
2026-01-21,5.40669273181158,,,,,,
2026-01-22,5.372100784479716,,,,,,
2026-01-26,5.398831769649237,,,,,,
2026-01-29,4.237321854443321,,,,,,
2026-01-30,4.231863333423913,,,,,,
2026-02-02,4.223474198869526,,,,,,
2026-02-04,4.18242227629815,,,,,,
2026-02-10,3.6752650158609512,,,,,,
2026-02-11,3.67647409425067,,,,,,
2026-02-12,3.6423140642753093,,,,,,
2026-02-13,3.6403141540449324,,,,,,
2026-02-18,3.5892895591493224,,,,,,
2026-02-19,2.9989686770822033,,,,,,
2026-02-20,3.1261025675693332,0.33629378226403894,1.6029443069024434,0.6623513627547127,0.27458100308566624,-0.5132193324118592,0.7631514449744858
2026-02-23,3.1420074159159483,0.30184054243812986,1.6028526783211898,0.7145602553754629,0.2745781027813031,-0.513120253701731,0.7612960907016082
2026-02-24,3.1361098308263724,0.30641751847627263,1.6056878088772313,0.7185315821347159,0.2745249146758697,-0.5141942730926441,0.7451422797549706
2026-02-27,3.0321085056833175,0.3068064377679812,1.6052819268695055,0.6296927538940579,0.25987535666986517,-0.5139422564724206,0.7443942869542808
2026-03-02,3.017179073812226,0.29501130394299596,1.6003765521694555,0.6225839283884324,0.2596377059524782,-0.5139878666254772,0.7535574499844155
2026-03-04,3.20681558107232,0.4016968032487751,1.6304703847693767,0.6734378696744833,0.2611774843390194,-0.5189270268203322,0.7589600658610408
2026-03-05,3.1820743078091684,0.39259102102127713,1.625115392898389,0.6676876989629223,0.26090947746950677,-0.5228204215689491,0.758591139026029
2026-03-06,2.1227350731324535,-0.16138868748442592,1.3590786288325585,0.5054203547011575,0.25265662504733927,-0.500100536236109,0.6670686882719056
2026-03-10,2.155596742397914,-0.15925880389939262,1.361484717167176,0.534035191796916,0.25276781459132447,-0.5005817073460561,0.6671495300878066
2026-03-11,2.2064554580967455,-0.15875056951411784,1.36224137733959,0.5354623186642318,0.30220231515662477,-0.5007712936211031,0.6660713100715012
2026-03-12,2.742930021015022,-0.16121173585996784,1.394659145846464,0.8624258655329299,0.30304125693407613,-0.3233714116133992,0.667386900174912
2026-03-13,2.697860576042288,-0.026505767896768267,1.2710433160142416,0.8258014349597724,0.28315557013086334,-0.3241202465305981,0.6684862693647252
2026-03-16,2.8367509865529605,-0.00666547702329261,1.3144149949021395,0.854826867776127,0.2844206294921393,-0.33888428068800136,0.7286382520938045
2026-03-18,2.811439734690424,-0.0063485504519406365,1.3144928819942596,0.8478973115588664,0.28439715117188513,-0.3385216192322256,0.7095225596496659
2026-03-19,2.3264203263979155,-0.0057922201231583115,1.3134059711823267,0.5386094233806594,0.28408134434607946,-0.33667282764504947,0.5327886352571483
2026-03-23,1.9990569517755574,-0.0055535061512755534,1.312146357240682,0.22064610033010668,0.2751687160368115,-0.335496672982669,0.5321459573019843
2026-03-25,2.1211542220169077,-0.0054634717888079835,1.3128047857744,0.22069808938994423,0.275291741296425,-0.21239923379560618,0.5302223111405909
2026-04-01,1.945263345280579,-0.2860841920960281,1.3263622109675643,0.29163124969818943,0.27546026669552465,-0.22514817043243046,0.5630419804478267
2026-04-02,1.6372673305045549,-0.2758399989537739,1.2545418011315788,0.5829137706610614,0.27524511541946284,-0.7619935568163052,0.5624001990626457
2026-04-03,1.4377873759471749,-0.34205549517060996,1.2178141905904007,0.5350285200902216,0.24108232578305067,-0.7471010072419331,0.5330188418960231
2026-04-06,1.4360713319038432,-0.34319456415661315,1.2174604598566836,0.5348053993303108,0.24110430306376585,-0.7471197165725398,0.5330154503822226
2026-04-07,1.320461852530208,-0.34321390380192407,1.218165818024885,0.5346503985461759,0.24112682392159018,-0.7482687165001382,0.4180014323396233
2026-04-09,1.307771217035758,-0.42512339001295474,1.1540399857316432,0.5919231699376086,0.2463600198382297,-0.7499500259241602,0.4905214574653137
2026-04-10,1.2284048224157296,-0.42419681436653883,1.1540712722072979,0.5974202911432008,0.19427887313649073,-0.7503414902156551,0.45717269051095166
2026-04-13,1.2022199753647378,-0.4259072316588659,1.1529420227074034,0.5738003556092826,0.19420288115912146,-0.7499462812939596,0.45712822884169424
2026-04-14,1.2034842994420147,-0.42549616420940434,1.1531814357641845,0.5890851266760029,0.19348264835210457,-0.7501022211277426,0.44333347398690615
2026-04-15,1.0905653681299,-0.4253346873255203,1.152697901909834,0.5890138025171813,0.19340132051723485,-0.8659735077662557,0.44676053827742285
2026-04-16,0.9456469333894546,-0.45299502519769097,1.0975053611844434,0.5778984137995321,0.19134135503919023,-0.8665949763259433,0.3984918048897462
2026-04-21,1.2410282671005968,-0.12227225967483593,1.0727195563531813,0.5938837969016494,0.19183572471470833,-0.8701860225653073,0.37504747137107847
