date,wla,global_lei,global_lei_8m,pct_g20_rising,cb_net_cutters,usmlei
1968-01-31,,,,,,
1968-02-29,,,,,,
1968-03-31,,,,,,
1968-04-30,,,,,,
1968-05-31,,,,,,21.92694411850351
1968-06-30,,,,,,18.47910009383647
1968-07-31,,,,,,17.11395503805177
1968-08-31,,,,,,6.0113630862618415
1968-09-30,,,,,,11.494195450429665
1968-10-31,,,,,,11.524571518465702
1968-11-30,,,,,,14.055372969495867
1968-12-31,,,,,,13.065033488412624
1969-01-31,,,,,,8.194872032407819
1969-02-28,,,,,,8.209435907457785
1969-03-31,,,,,,4.66918902824681
1969-04-30,,,,,,6.8355107522808725
1969-05-31,,,,,,3.0030621242466005
1969-06-30,,,,,,1.4740243277930167
1969-07-31,,,,,,-3.230769338044575
1969-08-31,,,,,,-1.241448495701336
1969-09-30,,,,,,-5.039856405678682
1969-10-31,,,,,,-5.212435887196566
1969-11-30,,,,,,-10.3004557562526
1969-12-31,,,,,,-10.245342770505491
1970-01-31,,,,,,-16.829872427674214
1970-02-28,,,,,,-17.952201568607343
1970-03-31,,,,,,-23.804586028376328
1970-04-30,,,,,,-24.160022929798
1970-05-31,,,,,,-25.33185179913242
1970-06-30,,,,,,-22.133699242653872
1970-07-31,,,,,,-18.642835340281664
1970-08-31,,,,,,-17.29981885157067
1970-09-30,,,,,,-17.85606786999152
1970-10-31,,,,,,-17.84792361481299
1970-11-30,,,,,,-18.584603191746815
1970-12-31,,,,,,-18.245269018754296
1971-01-31,,99.21704,0.1569166596508751,,,-3.2090535512103724
1971-02-28,,99.3642,0.5153652537796916,,,1.802679934654014
1971-03-31,,99.47949,0.7647690630177237,,,3.450620177085035
1971-04-30,,99.55409,0.8944024455649071,,,11.230189855976665
1971-05-31,,99.59422,0.9231577753757989,,,16.01669074158799
1971-06-30,,99.61024,0.8792122189846765,62.5,,12.739501498748208
1971-07-31,,99.61436,0.793907503160483,50.0,,14.312652842459244
1971-08-31,,99.62187,0.7009973237713751,62.5,,10.99669616012341
1971-09-30,,99.66157,0.65699338688448,62.5,,14.947789611993386
1971-10-31,,99.76518,0.7205543901269493,62.5,,20.26811655079466
1971-11-30,,99.94827,0.91774917743885,75.0,,24.08562589604252
1971-12-31,,100.2028,1.2314878274117547,87.5,,29.648945222521863
1972-01-31,,100.489,1.5860359046175603,100.0,,25.750999883260906
1972-02-29,,100.771,1.9127121033416472,100.0,,29.313816294930007
1972-03-31,,101.0308,2.176482616579605,100.0,,31.172571612422907
1972-04-30,,101.2685,2.375919722851691,100.0,,30.607137287183786
1972-05-31,,101.4886,2.516492361035631,100.0,,27.749891690035213
1972-06-30,,101.7017,2.6153734144544387,87.5,,24.871731594004608
1972-07-31,,101.9283,2.7081024759156236,87.5,,23.12150058642622
1972-08-31,,102.1836,2.8189021898094637,87.5,,29.637400692918206
1972-09-30,,102.4562,2.9225176984338788,87.5,,30.692475291488375
1972-10-31,,102.7256,2.9833112124197925,87.5,,32.29043955796203
1972-11-30,,102.9658,2.963997366047437,87.5,,35.551658085300204
1972-12-31,,103.1466,2.8265288962531656,87.5,,32.36024279773827
1973-01-31,25.257602866876095,103.2492,2.55781164539313,75.0,,28.639546552452387
1973-02-28,22.603591790848913,103.2592,2.1498317086180663,62.5,,25.666214938059436
1973-03-31,19.713192285938216,103.1842,1.6314406919892406,50.0,,25.50141870134293
1973-04-30,16.751884661720876,103.0318,1.0270290055909754,37.5,,17.593999222555368
1973-05-31,13.641149159617777,102.8286,0.39353803277543875,25.0,,12.823651643595316
1973-06-30,9.30724996080285,102.5959,-0.22603521186216824,25.0,,9.36113142771659
1973-07-31,10.877878562646522,102.356,-0.7892274532644876,12.5,,7.268176125340197
1973-08-31,-8.324144706440544,102.126,-1.2636143554746013,12.5,,-1.9915117855067397
1973-09-30,-11.483924502555794,101.9023,-1.6540469438094334,12.5,,-9.10897277027885
1973-10-31,-12.471672024912422,101.6789,-1.9704907507522478,0.0,,-12.815476442420103
1973-11-30,-19.582803277597073,101.4405,-2.2412889903727518,0.0,,-16.67504470691394
1973-12-31,-22.968733504693752,101.1891,-2.465341586958502,12.5,,-21.0234297620267
1974-01-31,-28.688011305924196,100.9393,-2.6236694938517786,12.5,,-28.927037629932443
1974-02-28,-31.424294549269185,100.6706,-2.7645154981227904,12.5,,-28.096450134994967
1974-03-31,-21.762410548887132,100.3732,-2.9162328966438054,12.5,,-27.33520873670179
1974-04-30,-18.91881365706423,100.0311,-3.115832117209763,12.5,,-27.48162083631182
1974-05-31,-24.629140285025592,99.63775,-3.380133745683551,0.0,,-25.345454029751323
1974-06-30,-27.03395033928028,99.18756,-3.719449295943704,0.0,,-28.05802790973298
1974-07-31,-35.5515366660427,98.68409,-4.123788111250491,0.0,,-34.131596483626446
1974-08-31,-36.24136485692393,98.14552,-4.554184634011122,0.0,,-33.77937446301158
1974-09-30,-49.96484273949472,97.60102,-4.952007019433623,0.0,,-36.663738596951944
1974-10-31,-59.54704763937109,97.09768,-5.2308131262064705,0.0,,-39.915869836285
1974-11-30,-74.04134088762255,96.68848,-5.30022569076543,0.0,,-45.35508601375864
1974-12-31,-81.62611932679943,96.42488,-5.080643753567941,12.5,,-49.175246006290614
1975-01-31,-76.91371155335881,96.34391,-4.523398089982379,33.33333333333333,,-44.54275642787
1975-02-28,-65.63479792845936,96.43691,-3.664898685619022,100.0,,-39.27003168947267
1975-03-31,-58.58319741477703,96.66238,-2.6050149184966784,100.0,,-40.19845669545691
1975-04-30,-41.56377287525045,96.99597,-1.4103368609289788,100.0,,-32.07329642798021
1975-05-31,-28.93709818787678,97.39722,-0.1797446589171443,100.0,,-25.912759423132357
1975-06-30,-13.800678077021594,97.83134,1.0000046043908242,100.0,,-18.448067065044405
1975-07-31,-2.5102456910740893,98.27354,2.0631700922380816,100.0,,-6.167113130687757
1975-08-31,4.9655067215740365,98.70613,2.9610391880632108,100.0,,-2.1753929685467903
1975-09-30,18.40559068427251,99.12624,3.6794611622593436,88.88888888888889,,4.035387250837427
1975-10-31,20.491067951152928,99.52978,4.208325974150753,88.88888888888889,,10.891983524064681
1975-11-30,32.14693476936659,99.91124,4.544608596294893,88.88888888888889,,20.60778038925515
1975-12-31,36.439735055219394,100.2625,4.691361654162662,88.88888888888889,,25.58528881068519
1976-01-31,36.87050193713859,100.5678,4.648051392623145,80.0,,33.415309318161064
1976-02-29,38.62107855158023,100.803,4.407831174084549,90.0,,39.410494017152175
1976-03-31,33.09680300668553,100.9615,4.00060758022407,80.0,,41.450290000989
1976-04-30,27.9355745302447,101.055,3.484934006191139,80.0,,33.53038088261992
1976-05-31,32.915814352336604,101.0927,2.90746134949768,60.0,,33.95275331600932
1976-06-30,27.11307329607062,101.0863,2.3102843770509622,40.0,,28.688213855219313
1976-07-31,23.89387364111036,101.0471,1.7262580178404363,40.0,,24.300003771609706
1976-08-31,21.495648630129544,100.9847,1.178656385109548,20.0,,20.345102248889628
1976-09-30,21.180621678623936,100.9156,0.6988149925348068,10.0,,20.113911079151674
1976-10-31,18.1055928741638,100.8561,0.31437954268594126,20.0,,15.450665767508497
1976-11-30,15.934796532527555,100.8227,0.050200424387696785,30.0,,15.171241911153349
1976-12-31,27.213151488438587,100.814,-0.10475425670814786,40.0,,17.016971635110266
1977-01-31,18.998842225213565,100.8203,-0.17720962239486937,40.0,,16.545757625336154
1977-02-28,12.018775376304195,100.8375,-0.18419325719631274,40.0,,16.779522543921708
1977-03-31,19.01731783824755,100.851,-0.16477106023462795,40.0,,19.38011336040695
1977-04-30,14.382048409718278,100.8486,-0.1523419638622272,40.0,,25.29594263609306
1977-05-31,10.510590120846754,100.8315,-0.15218510584776368,50.0,,20.49074479082003
1977-06-30,10.521290917538106,100.808,-0.15538736859031133,30.0,,21.8367869739408
1977-07-31,9.335335662018093,100.79,-0.14592767554675845,40.0,,18.306994387104393
1977-08-31,7.648271755177746,100.784,-0.11773836133676241,60.0,,19.51431630690697
1977-09-30,4.605252416844832,100.7905,-0.07525340352357546,60.0,,17.966149049086045
1977-10-31,5.040228988008017,100.8076,-0.02487125508405086,80.0,,22.783119211069295
1977-11-30,7.592572784174322,100.83,0.023547327426882703,80.0,,22.589704864071702
1977-12-31,7.6831924352109935,100.86,0.07738104561234138,60.0,,21.509147424834957
1978-01-31,1.067037825122647,100.9025,0.14821760570660558,60.0,,14.95087147311233
1978-02-28,-1.72497778091711,100.9714,0.26192689418643056,70.0,,15.333523525374712
1978-03-31,1.03598190548191,101.0873,0.45397139318961877,80.0,,12.782003545567076
1978-04-30,4.877657251899944,101.2364,0.6913756415286088,80.0,,15.799208161134537
1978-05-31,2.6332820818942353,101.396,0.9249225063583566,80.0,,16.74933857564411
1978-06-30,0.896187888031115,101.5507,1.1223171905140958,90.0,,16.3268121819768
1978-07-31,-1.7044575252491838,101.6853,1.255250334261774,90.0,,13.550648929159006
1978-08-31,0.6711118054997384,101.7889,1.3075846988320734,90.0,,8.893674569519899
1978-09-30,3.2640509902419597,101.8559,1.275765240405093,90.0,,10.396166830991262
1978-10-31,-1.0439191949849713,101.8783,1.1529284762376193,80.0,,5.707317974111674
1978-11-30,-6.562278389643364,101.8647,0.9636786703158862,60.0,,3.468922650461635
1978-12-31,-8.332418084893924,101.8317,0.7449909534848587,60.0,,2.1227188022338535
1979-01-31,-8.558781763506557,101.8047,0.5474306205117898,70.0,,-1.6678086201109221
1979-02-28,-10.219605406804302,101.7983,0.39843036104613816,70.0,,-2.181416669420244
1979-03-31,-11.504783695329415,101.8024,0.28027104444151973,70.0,,-3.7621107508955802
1979-04-30,-19.541605684662834,101.7927,0.154206499500134,80.0,,-11.385847596116989
1979-05-31,-17.1409302416794,101.7575,0.0061083234801628805,70.0,,-9.190966507846078
1979-06-30,-21.06007710343302,101.6852,-0.17959714341795063,50.0,,-12.030022459229134
1979-07-31,-23.817212362216353,101.5736,-0.40200440619342714,40.0,,-14.682108335032439
1979-08-31,-24.493199815988845,101.4294,-0.6461133190684194,40.0,,-15.056439536154397
1979-09-30,-27.849165778861597,101.2545,-0.9083307576184438,20.0,,-20.400869469068653
1979-10-31,-30.654253891121453,101.0455,-1.1957850903569778,20.0,,-21.794578013805992
1979-11-30,-40.51749610636819,100.8041,-1.5070814134136015,20.0,,-24.236549897142044
1979-12-31,-43.07644251646716,100.5353,-1.8338632491596911,20.0,,-28.86678015926564
1980-01-31,-40.56007724144418,100.2453,-2.1639245316247013,20.0,,-27.949204759773345
1980-02-29,-39.89575591260603,99.93034,-2.5001967168884676,10.0,,-28.884970937046834
1980-03-31,-59.50663523090276,99.60893,-2.802817072575664,10.0,,-39.16111944092154
1980-04-30,-88.58494591223509,99.34762,-2.949514938338268,10.0,,-49.02399258665869
1980-05-31,-91.75249723280191,99.20536,-2.8442804401427253,40.0,,-59.588971349577896
1980-06-30,-72.76765011985312,99.21588,-2.445483405712551,50.0,,-51.4837770444252
1980-07-31,-53.6069707203273,99.34919,-1.8328046132809845,50.0,,-41.68289233952196
1980-08-31,-40.706664144436616,99.54553,-1.1374618328942745,50.0,,-26.910602293455245
1980-09-30,-33.93973311299943,99.74381,-0.4858576507415222,50.0,,-18.057349271673655
1980-10-31,-24.238384378550897,99.89629,0.02751436325361567,70.0,,-9.338562821124764
1980-11-30,-12.638677236240847,99.98383,0.36698796296631997,50.0,,-4.437077741714378
1980-12-31,-28.785936242023933,100.0191,0.5594982936043777,50.0,,-4.783446546723304
1981-01-31,-31.67540039425036,100.0283,0.6567242714342427,60.0,,-7.957252838078536
1981-02-28,-31.32101474777764,100.0257,0.6856149342723512,60.0,,-11.62007050123643
1981-03-31,-10.475484730753504,100.0189,0.6581598539511475,60.0,,0.13886162468980945
1981-04-30,7.827430686812548,99.98883,0.5386633201506896,40.0,,18.982697408908948
1981-05-31,0.3452812269627126,99.91557,0.30344354766901915,40.0,,30.286849570461417
1981-06-30,-12.644131982862488,99.80959,-0.0024430674620248283,50.0,,17.44291742957234
1981-07-31,-21.130836327700077,99.69116,-0.3126309249952328,60.0,,6.826859347208608
1981-08-31,-26.258529794906345,99.56586,-0.5961987375145128,50.0,,-6.962547818837257
1981-09-30,-42.569511919878124,99.43084,-0.8480225597942876,50.0,,-23.872995272391602
1981-10-31,-50.54165015706073,99.29354,-1.0529517435488316,50.0,,-34.71207834614636
1981-11-30,-67.14049913529682,99.16076,-1.2053726313285296,50.0,,-42.02548753640821
1981-12-31,-56.34275053868964,99.03637,-1.308881454477671,40.0,,-36.58336452752382
1982-01-31,-55.246312511600195,98.90911,-1.393466017805764,27.27272727272727,,-36.61263566729557
1982-02-28,-57.87939485894158,98.71127,-1.5873293111411897,18.181818181818183,,-33.20904037349809
1982-03-31,-60.723318288827116,98.49746,-1.7811186746925785,18.181818181818183,,-37.93837694157984
1982-04-30,-66.45327285856877,98.28997,-1.9320884582308366,18.181818181818183,,-36.61984300002133
1982-05-31,-64.73545173955054,98.11342,-1.9993445567525043,18.181818181818183,,-35.29125104892404
1982-06-30,-54.78489520345779,97.98174,-1.968195100198443,27.27272727272727,,-31.199011074047153
1982-07-31,-64.2791240159231,97.91829,-1.8067461104950269,36.36363636363637,,-29.145813084985672
1982-08-31,-70.19831370671723,97.93353,-1.507047790354619,36.36363636363637,,-30.507608984183445
1982-09-30,-55.055370627934664,98.03388,-1.069186963285233,54.54545454545454,,-21.412370834264674
1982-10-31,-34.15009857699621,98.21173,-0.5208793258800029,63.63636363636363,,-12.090436530274598
1982-11-30,-15.994473625301833,98.44808,0.09061155469099447,72.72727272727273,,0.004648057724120358
1982-12-31,-0.19139115554184516,98.72718,0.7273059493515035,72.72727272727273,,7.532155448907194
1983-01-31,9.25119161211349,99.02967,1.3468175056252392,63.63636363636363,,14.137842580980895
1983-02-28,18.229778875431347,99.32619,1.8885347256277356,72.72727272727273,,21.117080948280513
1983-03-31,29.399173999293115,99.61814,2.3436195111050466,72.72727272727273,,36.83085707239037
1983-04-30,34.495290395565576,99.89701,2.693117502968434,72.72727272727273,,43.28347337777846
1983-05-31,47.43090828874961,100.1524,2.919768047077099,72.72727272727273,,51.35402557921241
1983-06-30,47.84602435849471,100.383,3.029670534954775,72.72727272727273,,61.227623160384105
1983-07-31,63.532040751458865,100.5823,3.021981119574818,81.81818181818183,,67.15931817644186
1983-08-31,51.74180384863251,100.7509,2.914446053448131,81.81818181818183,,70.30268489961483
1983-09-30,48.71270378011684,100.8934,2.7339794197439318,81.81818181818183,,70.2321990356574
1983-10-31,39.67888668637072,101.0126,2.5041800778078596,72.72727272727273,,69.75187436664436
1983-11-30,38.08113500576727,101.1085,2.2414472075786165,81.81818181818183,,65.63059140458739
1983-12-31,33.4329962991593,101.1778,1.9527662374259052,63.63636363636363,,64.0376906839493
1984-01-31,28.54603973155719,101.2063,1.6227964254999137,45.45454545454545,,60.60305077938506
1984-02-29,24.172609925258847,101.1846,1.2443892690344285,27.27272727272727,,57.07555119826007
1984-03-31,15.609636719459585,101.1106,0.820752593692319,27.27272727272727,,51.73288808819038
1984-04-30,6.6755206339846245,101.004,0.3954876223892114,18.181818181818183,,49.26822948850765
1984-05-31,1.0103286442153052,100.88,-0.0009760190095988719,18.181818181818183,,42.69929109254552
1984-06-30,-7.1644143653093275,100.7429,-0.36231656448418903,18.181818181818183,,36.606064516087315
1984-07-31,-21.76124964302629,100.6131,-0.6536904799699101,27.27272727272727,,24.992195032498138
1984-08-31,-15.617184052174293,100.4968,-0.8702432616320976,27.27272727272727,,24.39970980248225
1984-09-30,-13.999175544466505,100.3879,-1.0301505914200675,9.090909090909092,,19.865556139708534
1984-10-31,-12.945732940745021,100.2914,-1.1295646355104623,9.090909090909092,,15.491341092053137
1984-11-30,-10.043883379338496,100.2139,-1.1619204179026354,0.0,,15.09962409773868
1984-12-31,-6.480448657623611,100.157,-1.1306143465262295,18.181818181818183,,10.829339814028739
1985-01-31,1.7308767557884333,100.1163,-1.0506292136791586,18.181818181818183,,11.91358005490503
1985-02-28,7.727057239329154,100.0847,-0.9433720856313386,27.27272727272727,,9.501373077959293
1985-03-31,4.065688281447396,100.0628,-0.8166153994747276,36.36363636363637,,12.677826466553771
1985-04-30,1.5139658395865674,100.0412,-0.6969296626968031,36.36363636363637,,9.117756936179617
1985-05-31,8.379787047319116,100.0114,-0.6049719145262031,45.45454545454545,,8.2040987766302
1985-06-30,13.914605156282613,99.96596,-0.5559318233366639,36.36363636363637,,9.884808379745074
1985-07-31,27.658726560962332,99.90325,-0.5525508208520762,45.45454545454545,,13.562889570302637
1985-08-31,13.047446057482665,99.84142,-0.5577970948655775,45.45454545454545,,17.467522221752873
1985-09-30,9.781865891707518,99.78905,-0.5539707429931724,45.45454545454545,,18.07016864290811
1985-10-31,8.455118146686607,99.7542,-0.5265344119345201,54.54545454545454,,21.334453502544115
1985-11-30,15.751245059074131,99.73474,-0.48015552099211334,54.54545454545454,,22.325497353438692
1985-12-31,21.109788134094693,99.72697,-0.4210710382549223,45.45454545454545,,23.911033304401688
1986-01-31,17.48887521994037,99.72099,-0.36615859179217125,45.45454545454545,,19.0019958667684
1986-02-28,18.842193228208775,99.70453,-0.3358644739954997,54.54545454545454,,14.263262155056957
1986-03-31,23.97546316915527,99.68653,-0.3107147966803865,45.45454545454545,,14.767257499829348
1986-04-30,29.760975243728193,99.67351,-0.2769473678434764,54.54545454545454,3.8461538461538436,15.492456325539187
1986-05-31,26.669185943589618,99.6522,-0.2597916648292937,54.54545454545454,11.538461538461542,19.04783426786059
1986-06-30,25.190925106392527,99.634,-0.23818132054225316,45.45454545454545,-19.23076923076923,21.064673047481534
1986-07-31,15.748957159072749,99.62517,-0.2034210813812649,63.63636363636363,7.14285714285714,21.33970318952698
1986-08-31,15.12252077479736,99.62899,-0.15353143215682508,63.63636363636363,-7.142857142857145,20.92974756772196
1986-09-30,18.478016708145656,99.64564,-0.08997969334478739,63.63636363636363,0.0,21.17530461953674
1986-10-31,18.718637866594154,99.67433,-0.014740180934794012,72.72727272727273,7.14285714285714,24.049979600765678
1986-11-30,16.945881581647093,99.72754,0.09616071779423407,81.81818181818183,-7.142857142857145,25.203031495139836
1986-12-31,13.791745371599074,99.8215,0.27145021419956095,72.72727272727273,-7.142857142857145,23.692240567966177
1987-01-31,22.573381399154165,99.96631,0.5254939628712663,81.81818181818183,0.0,24.354561641938485
1987-02-28,21.506803653628857,100.1507,0.8298984343131792,90.9090909090909,-3.3333333333333326,29.055812306148365
1987-03-31,24.636213147157605,100.349,1.1291480958311553,100.0,-3.3333333333333326,29.502203210688585
1987-04-30,20.223556297834588,100.5451,1.3906661455024931,100.0,9.999999999999998,29.946056096956706
1987-05-31,18.660782130214486,100.7323,1.6028860942502519,100.0,3.3333333333333326,32.027982967164014
1987-06-30,22.963478364022357,100.8915,1.7302004743089014,100.0,9.999999999999998,28.176459316069977
1987-07-31,30.349133840386976,100.9972,1.7300704841894685,81.81818181818183,16.666666666666664,31.141000154185107
1987-08-31,31.284490477881967,101.0339,1.5839333253050683,72.72727272727273,-3.3333333333333326,32.661956143331736
1987-09-30,26.287850871814406,100.998,1.2986386314713911,63.63636363636363,3.3333333333333326,33.67708500335023
1987-10-31,6.680267045103452,100.9069,0.9205642975990429,45.45454545454545,-9.999999999999998,30.105639114332366
1987-11-30,3.9094030716770565,100.7924,0.5193326296516005,36.36363636363637,9.999999999999998,23.344186055139936
1987-12-31,3.408612976586752,100.6969,0.1802249781129177,58.333333333333336,23.33333333333333,19.6508045642029
1988-01-31,-6.785159944488169,100.6021,-0.12756865066143064,50.0,14.28571428571429,14.345797560105161
1988-02-29,-2.623908636357887,100.5628,-0.2964790941971813,58.333333333333336,-7.142857142857145,14.803318440137023
1988-03-31,-1.1730495688352438,100.5623,-0.3601205213446974,50.0,-9.999999999999998,16.037922515744206
1988-04-30,-1.1856549246200803,100.599,-0.32544241232419324,66.66666666666666,-23.333333333333332,21.214189700930465
1988-05-31,-1.8238661048827944,100.6641,-0.2145405104628395,75.0,-9.999999999999998,17.948689452863096
1988-06-30,-0.13641228561450391,100.7453,-0.055485623165708375,66.66666666666666,-30.0,17.100081007729475
1988-07-31,-4.066665818086648,100.8213,0.10609297831834397,58.333333333333336,-16.666666666666668,15.203489344065737
1988-08-31,-4.160856457450163,100.887,0.25348099584216754,66.66666666666666,-23.333333333333332,9.337345478002277
1988-09-30,8.249971211657051,100.9346,0.36333591387179354,66.66666666666666,-30.0,13.239010985078291
1988-10-31,30.920070098144283,100.9679,0.4341977845456313,66.66666666666666,-16.666666666666668,18.425172480753186
1988-11-30,26.5195450044425,100.99,0.46542582759794016,50.0,-23.333333333333332,20.36881360557831
1988-12-31,27.24202541285787,100.9963,0.4466817948736548,50.0,-23.333333333333332,22.32918181231501
1989-01-31,27.944206982951115,100.979,0.3690285363224177,38.46153846153847,-9.999999999999998,26.66246140190064
1989-02-28,23.50979948915736,100.9337,0.2282426596741658,30.76923076923077,-36.66666666666667,21.434149795102382
1989-03-31,22.6215519351588,100.8678,0.05082516932961312,30.76923076923077,-16.666666666666668,15.437178699400675
1989-04-30,25.98043019227473,100.7849,-0.14747331102446992,23.076923076923077,-30.0,6.04475910176528
1989-05-31,25.898923322006265,100.6953,-0.33955692106903257,23.076923076923077,-30.0,-1.3325889896807577
1989-06-30,19.01847546642569,100.6188,-0.4840264192739312,23.076923076923077,-30.0,-2.090422903009107
1989-07-31,22.313360446848968,100.5637,-0.5654300982523779,15.384615384615385,-16.666666666666668,-4.389075931222064
1989-08-31,29.972269217736258,100.53,-0.5878849221018783,23.076923076923077,-28.57142857142857,-1.82925871536645
1989-09-30,19.43594887432503,100.5182,-0.555276072679959,38.46153846153847,-28.57142857142857,-2.1462295125377904
1989-10-31,7.212538538399834,100.5253,-0.4790822381179538,30.76923076923077,-9.999999999999998,-4.097773685002841
1989-11-30,8.456366184850793,100.5544,-0.35858157891188114,53.84615384615385,-43.333333333333336,-4.486873116512498
1989-12-31,5.509156862999796,100.6018,-0.20548156959799257,61.53846153846154,-28.57142857142857,-4.280865782619205
1990-01-31,1.8412572263448903,100.653,-0.05147407731831777,53.333333333333336,-21.42857142857143,-3.5947287054974852
1990-02-28,-2.1852550524719074,100.6858,0.05850226420290028,53.333333333333336,-28.57142857142857,-2.9929089929130344
1990-03-31,1.6091665344729444,100.6863,0.09734387407765155,46.666666666666664,-28.57142857142857,-1.1895489199530602
1990-04-30,-3.165200862769171,100.6329,0.027111037558483986,26.666666666666668,-21.42857142857143,-7.566677345918028
1990-05-31,-2.71194833395796,100.5214,-0.15419616312324536,20.0,-28.57142857142857,-5.9092419438617405
1990-06-30,-4.034504942464332,100.3381,-0.4635945250321356,20.0,-14.285714285714285,-9.36007744614604
1990-07-31,-5.826558870171148,100.0845,-0.8849948943526158,20.0,-16.666666666666668,-11.434749902557503
1990-08-31,-23.37580611761561,99.77518,-1.3774909241972466,20.0,-16.666666666666668,-18.498390063842905
1990-09-30,-30.131365976033624,99.44677,-1.8626122814897315,6.666666666666667,-9.999999999999998,-24.309615764549694
1990-10-31,-34.42086836101236,99.13481,-2.2699127301176247,13.333333333333334,-7.142857142857145,-29.897973763404615
1990-11-30,-35.93880931326003,98.88013,-2.5252870130901925,20.0,0.0,-28.437627705901775
1990-12-31,-34.8701973954819,98.71572,-2.5741361098370703,20.0,0.0,-31.003440260853562
1991-01-31,-31.921378060151376,98.65192,-2.4076975298673062,46.666666666666664,9.999999999999998,-33.47663248559011
1991-02-28,-24.878068248785294,98.69123,-2.0343981951882313,46.666666666666664,3.3333333333333326,-30.656727460443168
1991-03-31,-25.247981339361836,98.81072,-1.5126919465191406,73.33333333333333,3.3333333333333326,-22.154786520516158
1991-04-30,-13.562000840015214,98.96628,-0.9395425307340446,80.0,16.666666666666664,-15.573316529899948
1991-05-31,-8.984793083142813,99.11674,-0.4047621509409538,73.33333333333333,9.999999999999998,-10.943141725599109
1991-06-30,-3.5073933510539717,99.2515,0.06294761548943484,60.0,9.999999999999998,-4.1439465170930445
1991-07-31,1.3053964108985903,99.35353,0.4220664199134063,53.333333333333336,9.999999999999998,-1.5867575431599277
1991-08-31,12.576743713672078,99.40206,0.626771100908158,60.0,9.999999999999998,2.8996436599450512
1991-09-30,17.95251637802678,99.40449,0.6896485913149917,60.0,3.3333333333333326,3.829900963790246
1991-10-31,20.34443346569999,99.37876,0.648148654359602,40.0,3.3333333333333326,5.041715530322628
1991-11-30,14.893360707734674,99.34537,0.547618452172415,26.666666666666668,9.999999999999998,4.737504434520652
1991-12-31,16.820439631671242,99.32765,0.4419193902253511,40.0,-3.3333333333333326,4.888848357304289
1992-01-31,18.24224856652997,99.34154,0.3724700522419937,66.66666666666666,9.999999999999998,10.956708431998841
1992-02-29,14.89649668575948,99.3693,0.31687792224840905,73.33333333333333,-9.999999999999998,14.76564560820066
1992-03-31,14.923268770699906,99.39181,0.253382650015439,60.0,9.999999999999998,16.947298634712197
1992-04-30,10.643571791337926,99.38847,0.15693428630206085,53.333333333333336,0.0,21.172998463663017
1992-05-31,10.145525299797173,99.34207,0.005206772201177046,46.666666666666664,-6.25,22.630546386733
1992-06-30,8.068110946246232,99.24713,-0.20599335974881683,40.0,0.0,17.506427613111285
1992-07-31,3.2654268757779588,99.11706,-0.4466382474408732,26.666666666666668,-6.25,17.825019211130222
1992-08-31,6.919418105449007,98.97912,-0.6658987604474191,26.666666666666668,-6.25,22.508380151601106
1992-09-30,6.399851255738298,98.86787,-0.8069589454197512,40.0,0.0,22.92581710341547
1992-10-31,10.841564045811838,98.79961,-0.8509414823195414,46.666666666666664,12.5,26.508251063111942
1992-11-30,19.182514071251077,98.77473,-0.8080089211075432,46.666666666666664,18.75,32.24775610466041
1992-12-31,19.6345662044451,98.7816,-0.7074256491955282,60.0,25.0,35.90134791773158
1993-01-31,17.625607422668548,98.79871,-0.5914722070542524,73.33333333333333,31.25,36.76098034318091
1993-02-28,17.40804768394017,98.81875,-0.4703997156726416,66.66666666666666,27.77777777777778,35.10791250831836
1993-03-31,16.51831290588047,98.83302,-0.35869347384172556,73.33333333333333,27.77777777777778,29.00630173289242
1993-04-30,15.47303685421235,98.84811,-0.2440208122475127,60.0,22.22222222222222,28.59408566101654
1993-05-31,16.04101059182604,98.87052,-0.11839026545982279,60.0,28.947368421052634,29.117070131145194
1993-06-30,18.79742088684574,98.9151,0.038112243678114055,66.66666666666666,34.210526315789465,30.979391484941917
1993-07-31,16.638660994394925,98.99774,0.24423754875226678,73.33333333333333,18.42105263157895,30.583139264893937
1993-08-31,24.88789589267105,99.12206,0.4954231899855017,80.0,25.0,31.85293495162213
1993-09-30,23.974481931982385,99.28141,0.7714688875215359,86.66666666666667,15.000000000000002,35.50107291837025
1993-10-31,25.163410002913484,99.47203,1.0639109854363937,86.66666666666667,25.0,34.19727671655106
1993-11-30,20.47488371710087,99.6795,1.3473745953107823,93.33333333333333,15.000000000000002,34.22295348331568
1993-12-31,22.528545300900834,99.8926,1.604772212687493,93.33333333333333,19.999999999999996,33.89275921867482
1994-01-31,18.529252119922894,100.0941,1.807693085839702,87.5,9.999999999999998,33.74449085282442
1994-02-28,17.836056368555514,100.2681,1.9296447199626812,87.5,0.0,32.78217349234348
1994-03-31,17.209097444241806,100.4198,1.9852557117581568,81.25,0.0,34.8113034593992
1994-04-30,15.56963280066817,100.5468,1.9728095497833635,70.58823529411765,19.999999999999996,33.73794599384454
1994-05-31,13.569432784260643,100.6536,1.9050190145879498,64.70588235294117,15.000000000000002,32.51239941859772
1994-06-30,12.583974599524279,100.7534,1.811131709117035,76.47058823529412,15.000000000000002,31.978168629920805
1994-07-31,11.927650816775461,100.8419,1.6878785334295259,76.47058823529412,25.0,31.958319703671197
1994-08-31,7.9480327089057505,100.9099,1.526075396690672,70.58823529411765,15.000000000000002,31.81914978459149
1994-09-30,6.494538372444259,100.9309,1.286556322486021,58.82352941176471,-4.999999999999999,28.339654874910313
1994-10-31,4.88728831146561,100.888,0.9513604776204829,58.82352941176471,-20.0,29.86499738660661
1994-11-30,8.156036762991558,100.773,0.5207487827033788,47.05882352941176,-25.0,29.210240413934223
1994-12-31,10.635837644961942,100.5838,0.005124135022185783,35.294117647058826,-20.0,28.180376870749605
1995-01-31,7.633454386630387,100.3422,-0.5430653480814556,29.411764705882355,-15.000000000000002,26.28854978877305
1995-02-28,8.608195638100893,100.0978,-1.0273643868639653,23.52941176470588,-25.0,20.295685766402826
1995-03-31,12.9333833891371,99.87885,-1.401004011753713,23.52941176470588,-15.000000000000002,11.23428192852025
1995-04-30,11.187454442758758,99.71432,-1.619315234175005,29.411764705882355,0.0,5.656469428549645
1995-05-31,11.794461990404685,99.61798,-1.6695752737412022,29.411764705882355,-2.3809523809523836,2.7992831655168775
1995-06-30,15.291470597926637,99.58432,-1.5749724538263763,35.294117647058826,7.14285714285714,3.2096739231877853
1995-07-31,14.600103650187531,99.59283,-1.3829299786058584,35.294117647058826,11.904761904761907,4.2635080638870555
1995-08-31,15.92352119253266,99.61056,-1.1613226557896894,29.411764705882355,2.3809523809523836,9.184946333689044
1995-09-30,20.659368043766893,99.61261,-0.9601580531148528,35.294117647058826,2.3809523809523836,11.129089309177093
1995-10-31,20.218632410066043,99.60483,-0.7735567988694925,29.411764705882355,2.3809523809523836,9.336756042001817
1995-11-30,20.500843330609165,99.59715,-0.5915751813276415,23.52941176470588,-2.3809523809523836,4.509715075095092
1995-12-31,20.715088958674134,99.59523,-0.4148901175392723,35.294117647058826,4.545454545454541,6.969174509872217
1996-01-31,17.515528983485925,99.60538,-0.24421562282064713,35.294117647058826,23.913043478260864,-2.7016850123508562
1996-02-29,17.530971000899296,99.62937,-0.08632729566144803,47.05882352941176,0.0,4.114797994236301
1996-03-31,14.716392142215104,99.66536,0.05264205701702451,52.94117647058824,12.5,4.0706499840058115
1996-04-30,18.72177062278233,99.70824,0.16514344845192852,52.94117647058824,16.666666666666664,10.29219544546515
1996-05-31,20.166647923483513,99.75172,0.2467382029253713,52.94117647058824,20.833333333333336,14.138701739557142
1996-06-30,16.911888159442345,99.79005,0.29714750059677897,58.82352941176471,20.833333333333336,17.489000680730065
1996-07-31,13.366369961873342,99.8265,0.3329157573830628,58.82352941176471,20.833333333333336,16.10438300093872
1996-08-31,14.39850149300477,99.8643,0.36685368011484343,58.82352941176471,29.166666666666664,14.882417509964093
1996-09-30,12.50401336051848,99.908,0.40862045368439226,70.58823529411765,16.666666666666664,15.058211004942994
1996-10-31,14.13459867832988,99.95284,0.4460374264749163,70.58823529411765,20.833333333333336,12.172905462576491
1996-11-30,16.323191061368863,99.99632,0.47276408975325523,70.58823529411765,20.833333333333336,14.405417655786078
1996-12-31,13.507837179867316,100.048,0.5067580004575376,76.47058823529412,29.166666666666664,11.251228094141968
1997-01-31,17.022480321780893,100.1134,0.5578685379535386,88.23529411764706,29.166666666666664,15.556485685694803
1997-02-28,20.438372916396894,100.1962,0.6326489231226731,82.35294117647058,14.000000000000002,19.478107182341155
1997-03-31,19.30207063985733,100.2906,0.7197768805572053,82.35294117647058,15.384615384615385,21.462322785154797
1997-04-30,16.85855062680471,100.3923,0.8113270969532635,82.35294117647058,26.923076923076927,19.298736550102515
1997-05-31,19.506280742893455,100.4827,0.8727467170729852,70.58823529411765,11.538461538461542,19.12711606754103
1997-06-30,22.75520041784039,100.5657,0.9131237697669832,70.58823529411765,26.923076923076927,19.4563597238624
1997-07-31,32.362042055330065,100.6323,0.9161663935540361,58.82352941176471,15.384615384615385,22.0705736317276
1997-08-31,27.93199274168414,100.669,0.8592223398132148,52.94117647058824,7.692307692307687,22.37304726960004
1997-09-30,31.9205953556274,100.6759,0.7474779922539909,52.94117647058824,11.538461538461542,22.988898326194658
1997-10-31,35.34395917338051,100.6388,0.5604357563980216,47.05882352941176,7.692307692307687,24.343621852550708
1997-11-30,34.4602848378186,100.5633,0.315666063268111,29.411764705882355,3.8461538461538436,23.074838514475484
1997-12-31,35.2464826841357,100.4677,0.052728756029793544,23.52941176470588,3.8461538461538436,22.44276058070836
1998-01-31,33.107477234998456,100.3683,-0.19411613886536827,17.647058823529413,0.0,20.269756161859252
1998-02-28,38.84198983833601,100.267,-0.41887453726221224,17.647058823529413,-7.6923076923076925,20.136586052627667
1998-03-31,41.85055851401817,100.1546,-0.6356350340937666,23.52941176470588,3.8461538461538436,16.8815176085505
1998-04-30,40.659344937064816,100.0245,-0.8531534434008705,29.411764705882355,-1.8518518518518545,16.69553258547773
1998-05-31,31.06794587090225,99.87923,-1.0631246538031576,23.52941176470588,1.851851851851849,16.935202477580045
1998-06-30,28.542445790374636,99.71823,-1.2661224952609587,23.52941176470588,1.851851851851849,14.707933246768533
1998-07-31,19.729477222515374,99.54862,-1.4480037542648887,23.52941176470588,9.259259259259256,9.389067580025824
1998-08-31,20.136940102675613,99.38332,-1.5864458322188852,29.411764705882355,9.259259259259256,9.648219187229483
1998-09-30,16.465094926980026,99.25554,-1.6259064792620137,47.05882352941176,16.666666666666664,4.5014642049011835
1998-10-31,20.83308615651601,99.19951,-1.5136039891148414,58.82352941176471,32.14285714285714,5.850260094241955
1998-11-30,21.995473300633172,99.23512,-1.2297789716306085,47.05882352941176,32.14285714285714,9.08814002503634
1998-12-31,22.647729581483222,99.34563,-0.8238659813013527,64.70588235294117,29.31034482758621,9.231191652328096
1999-01-31,27.72472931741262,99.50487,-0.3578881366519795,70.58823529411765,36.206896551724135,10.100833909055137
1999-02-28,22.822129880408507,99.68179,0.10276346114758894,64.70588235294117,36.66666666666667,11.952617211942272
1999-03-31,22.836318935005494,99.85908,0.5225210100484645,76.47058823529412,32.758620689655174,11.173311359581572
1999-04-30,27.487851333011054,100.0368,0.8991111175562452,82.35294117647058,43.103448275862064,13.94253551472341
1999-05-31,27.96449132669508,100.2133,1.2260872305759847,100.0,36.206896551724135,11.923232104497018
1999-06-30,27.90123643518234,100.3852,1.4944775935516077,100.0,33.333333333333336,14.63719875870187
1999-07-31,27.738885210875463,100.5509,1.6991643392939295,100.0,30.000000000000004,15.698129279919655
1999-08-31,32.40244049092432,100.708,1.8350472173182908,100.0,30.000000000000004,15.119594003385302
1999-09-30,23.22815565082817,100.857,1.905018656760646,88.23529411764706,19.999999999999996,17.073396119831486
1999-10-31,19.372881540758904,101.0021,1.9241581020422274,82.35294117647058,26.66666666666667,15.093166205740538
1999-11-30,18.90870573266991,101.1413,1.9007678674399102,82.35294117647058,3.3333333333333326,15.683866527704787
1999-12-31,22.320728689988673,101.2611,1.8252411283485372,82.35294117647058,6.666666666666665,16.830718784303475
2000-01-31,12.994684095224265,101.349,1.6894328895564144,76.47058823529412,-3.3333333333333326,19.129011396833384
2000-02-29,11.91445441462104,101.3893,1.4772488945502147,58.82352941176471,-3.125,18.204448844836488
2000-03-31,12.803237084355677,101.3838,1.2026270238293222,52.94117647058824,-3.125,17.78632572087056
2000-04-30,4.5344735141907595,101.3388,0.8846549624499431,29.411764705882355,-6.25,12.57904804853694
2000-05-31,-1.6297702980037012,101.2583,0.5369912810352133,23.52941176470588,-12.5,6.882844763285849
2000-06-30,0.35594660788959415,101.1484,0.17606555242241484,17.647058823529413,-16.666666666666668,2.8710764683542838
2000-07-31,2.4714414350023994,101.0114,-0.19028537585626282,17.647058823529413,-10.606060606060607,0.8712418586804143
2000-08-31,2.2204621701374037,100.8513,-0.5518315192599061,11.76470588235294,-10.606060606060607,-0.878312150234247
2000-09-30,4.306967140261808,100.6614,-0.9188585150716619,5.88235294117647,-14.705882352941174,-4.109168355614465
2000-10-31,-0.01898675697770526,100.4334,-1.3034207790631882,11.76470588235294,-14.705882352941174,-5.4876836460938385
2000-11-30,-11.002412406216717,100.1714,-1.6932073793425388,11.76470588235294,-11.764705882352944,-11.662142976703155
2000-12-31,-16.953710019601175,99.88882,-2.060072449053152,5.88235294117647,-8.823529411764708,-22.23685516997262
2001-01-31,-10.445286539997111,99.61724,-2.3471207565561656,5.88235294117647,2.941176470588236,-25.267206433950054
2001-02-28,-19.52872277221985,99.38276,-2.513811535524482,11.76470588235294,17.647058823529417,-28.32175537370278
2001-03-31,-30.189927702653463,99.19891,-2.548143696562505,23.52941176470588,23.529411764705888,-28.66710181393016
2001-04-30,-21.59269575601594,99.06007,-2.4741705026391685,17.647058823529413,22.72727272727273,-29.217079934379917
2001-05-31,-10.570116141436506,98.95383,-2.3264455560640585,35.294117647058826,28.787878787878785,-22.636583460938073
2001-06-30,-19.22315383261551,98.85658,-2.1577581421004908,29.411764705882355,28.787878787878785,-23.250444489768984
2001-07-31,-10.646091748877366,98.76365,-1.982283115117582,29.411764705882355,25.757575757575758,-23.45986811685552
2001-08-31,-8.758153931495254,98.67631,-1.8024014647121192,41.17647058823529,22.72727272727273,-24.172478451346397
2001-09-30,-16.217120361871466,98.61448,-1.585766178104663,41.17647058823529,25.757575757575758,-26.534384046871626
2001-10-31,-18.467353395313776,98.62646,-1.251299022332475,41.17647058823529,28.787878787878785,-27.260643663051805
2001-11-30,-0.814974775773246,98.73141,-0.7796321395417323,58.82352941176471,31.818181818181824,-22.271573820522967
2001-12-31,6.674870264731952,98.91518,-0.21557747713799813,82.35294117647058,40.625,-12.502153531756775
2002-01-31,1.2415741807326572,99.14255,0.3600316101129266,88.23529411764706,40.625,-9.359354145456944
2002-02-28,6.026044589086609,99.37242,0.8644695135690199,88.23529411764706,40.90909090909091,-6.135584446471129
2002-03-31,23.62377940193842,99.56135,1.2204130649526803,88.23529411764706,32.35294117647059,0.451760130090216
2002-04-30,11.902915306988518,99.67086,1.3688959953440047,76.47058823529412,32.35294117647059,6.533426150386126
2002-05-31,9.402146242997288,99.67605,1.282427186240696,47.05882352941176,20.588235294117652,6.050344850007874
2002-06-30,9.485939492252271,99.58842,1.0047018155468095,29.411764705882355,23.529411764705888,9.384796110336495
2002-07-31,5.250236060793372,99.4452,0.6222915287471977,23.52941176470588,20.588235294117652,5.719761472262734
2002-08-31,14.281504760166236,99.28616,0.21935339515223973,5.88235294117647,20.588235294117652,4.9138361090734906
2002-09-30,19.000869141957434,99.13441,-0.15773186164648223,23.52941176470588,14.70588235294118,7.846801154168519
2002-10-31,25.055059147583833,99.00304,-0.4821007422461179,23.52941176470588,17.647058823529417,6.067207933542157
2002-11-30,24.999467568407656,98.89471,-0.7409826512421205,23.52941176470588,23.529411764705888,7.13121510917219
2002-12-31,13.785468974973995,98.79063,-0.9588128837686867,23.52941176470588,20.588235294117652,3.0765470550221723
2003-01-31,17.43905510705224,98.685,-1.1351529824046622,23.52941176470588,23.529411764705888,1.0378961629467862
2003-02-28,26.23690454245934,98.59531,-1.2309659468906204,29.411764705882355,21.42857142857143,1.1637361200088783
2003-03-31,23.00230718351265,98.55981,-1.1776132734997447,35.294117647058826,27.142857142857146,-1.8567889235753867
2003-04-30,44.01130450652818,98.60691,-0.9365850969031442,52.94117647058824,32.85714285714286,0.5518691226134358
2003-05-31,55.09590117463457,98.73372,-0.5370585303407154,76.47058823529412,35.71428571428571,4.5890321166664005
2003-06-30,58.57683387999777,98.92163,-0.04100785055437939,88.23529411764706,35.71428571428571,7.916505337237004
2003-07-31,55.25886694576614,99.15268,0.4946113931499525,94.11764705882352,41.42857142857142,12.739226379508281
2003-08-31,38.23336476196005,99.41029,1.023135399495743,94.11764705882352,32.85714285714286,16.056808379191494
2003-09-30,43.84058467659005,99.68353,1.5167483910950352,94.11764705882352,32.85714285714286,19.633582631419007
2003-10-31,48.26365995981081,99.95182,1.9346240294382255,94.11764705882352,33.333333333333336,26.33671956086569
2003-11-30,42.63920489856229,100.1915,2.235436040709999,94.11764705882352,27.77777777777778,30.850758549863265
2003-12-31,52.63054451828037,100.3858,2.395315599610697,94.11764705882352,27.77777777777778,32.31517855762752
2004-01-31,59.049973289821246,100.5276,2.408769347898726,88.23529411764706,30.555555555555557,36.22927243635011
2004-02-29,68.15738095341462,100.6127,2.2765318773766694,82.35294117647058,27.77777777777778,37.14919969703416
2004-03-31,66.49807154552296,100.6491,2.0260371890872904,70.58823529411765,33.333333333333336,40.65226661142937
2004-04-30,45.46946507554998,100.6466,1.6928057874901299,52.94117647058824,33.333333333333336,39.029488841769236
2004-05-31,38.592891288821825,100.6181,1.3206345701297266,52.94117647058824,25.0,35.13271575570581
2004-06-30,37.33420704625725,100.5729,0.9435105132403265,52.94117647058824,22.22222222222222,34.26804077511146
2004-07-31,37.394034182845026,100.5188,0.5877649794498581,47.05882352941176,16.666666666666664,32.36398510076573
2004-08-31,44.287976010856816,100.4581,0.2652454175685648,47.05882352941176,8.333333333333337,33.6357169274727
2004-09-30,48.543045590584356,100.406,0.00849683082869035,47.05882352941176,2.777777777777779,32.265795251703246
2004-10-31,38.826692577489645,100.3665,-0.1746650146793769,47.05882352941176,0.0,30.480986207600512
2004-11-30,42.79818735221369,100.3383,-0.2897686874078431,52.94117647058824,0.0,25.619297874736404
2004-12-31,44.45174282316174,100.3087,-0.36645792084621576,29.411764705882355,-2.777777777777779,29.06385332224055
2005-01-31,41.93896940615989,100.2612,-0.44179345216308263,17.647058823529413,0.0,26.20496446463339
2005-02-28,31.42439186789117,100.1942,-0.5240213157396738,11.76470588235294,-2.777777777777779,26.446840892103094
2005-03-31,28.6812698537815,100.1222,-0.5922630918683325,11.76470588235294,2.777777777777779,22.80345187704877
2005-04-30,26.655360477734813,100.0716,-0.6047924459724072,23.52941176470588,0.0,22.726415823811212
2005-05-31,28.81833677123575,100.0464,-0.5634019868536342,17.647058823529413,0.0,21.594874387174723
2005-06-30,24.813469714906095,100.075,-0.42366189400146936,52.94117647058824,-2.777777777777779,21.752928226393642
2005-07-31,32.62504540780806,100.1415,-0.22528867725309,58.82352941176471,0.0,21.24196823243376
2005-08-31,28.671780043645615,100.2349,0.004466585207879348,64.70588235294117,-1.3513513513513487,16.5965058093562
2005-09-30,21.947317045776067,100.3493,0.24962443154062441,76.47058823529412,1.3513513513513487,12.392415125265146
2005-10-31,17.88592136136983,100.4782,0.4962339579357433,70.58823529411765,-6.756756756756754,12.450774889111521
2005-11-30,15.631113952629061,100.6113,0.724865131935104,76.47058823529412,-9.459459459459458,15.57290840993074
2005-12-31,13.05935332755477,100.7359,0.9129810766118567,82.35294117647058,-12.16216216216216,15.5807282366661
2006-01-31,19.15918356630584,100.8453,1.0491355513632499,82.35294117647058,-14.864864864864863,16.16159098712956
2006-02-28,20.08898241832896,100.9364,1.1270824100226804,76.47058823529412,-22.972972972972972,17.041056168279066
2006-03-31,22.437469372852267,101.0026,1.1344273214261733,82.35294117647058,-20.27027027027027,19.330424643719464
2006-04-30,26.5683829335989,101.0376,1.062736934021686,70.58823529411765,-21.052631578947366,18.054451966430022
2006-05-31,24.26677152538791,101.0428,0.9229896513341771,70.58823529411765,-18.42105263157895,14.925517804032815
2006-06-30,26.597687026945923,101.0398,0.7637724915851862,64.70588235294117,-31.57894736842105,9.426084722622196
2006-07-31,26.41358548875991,101.0464,0.6274384832349398,64.70588235294117,-34.21052631578947,6.201487742239854
2006-08-31,29.687146284017984,101.0791,0.5485220321788518,82.35294117647058,-31.57894736842105,7.1603863856947205
2006-09-30,28.549078392377243,101.1392,0.5293291445420891,88.23529411764706,-36.8421052631579,7.599831486092772
2006-10-31,43.05027639222975,101.219,0.5546126148429806,94.11764705882352,-31.57894736842105,7.7387998337324495
2006-11-30,40.64232903104686,101.3079,0.6040728768271322,94.11764705882352,-31.57894736842105,5.022503299316842
2006-12-31,34.66206144583746,101.3956,0.6580589062429567,94.11764705882352,-31.57894736842105,4.352684407298398
2007-01-31,25.78118256705341,101.4712,0.695483092002334,94.11764705882352,-21.052631578947366,3.0871708589157913
2007-02-28,23.886661044332165,101.5361,0.7184562830874484,88.23529411764706,-23.68421052631579,0.5940775913843007
2007-03-31,25.40416740626906,101.5906,0.7263835112462971,88.23529411764706,-21.052631578947366,-2.4298220138166653
2007-04-30,19.409683139847065,101.6324,0.7128589298691139,82.35294117647058,-23.68421052631579,-3.8319296641692784
2007-05-31,21.931322159308152,101.6627,0.6772822457039638,82.35294117647058,-23.68421052631579,-2.313481796476252
2007-06-30,16.278868658309477,101.6685,0.5931544168996936,64.70588235294117,-21.052631578947366,-5.029015247667645
2007-07-31,8.430925286024342,101.6428,0.45032337300574454,47.05882352941176,-23.68421052631579,-6.869179417962366
2007-08-31,-1.5002802881786197,101.5851,0.25433550653846737,41.17647058823529,-23.68421052631579,-13.180681700762271
2007-09-30,0.885543274753462,101.5077,0.0365819980427915,23.52941176470588,-15.789473684210526,-13.605651970915556
2007-10-31,-14.52145044795085,101.4228,-0.17360172424034204,23.52941176470588,-18.42105263157895,-15.842892153716225
2007-11-30,-22.94832686972018,101.3305,-0.37202723656186265,23.52941176470588,-15.789473684210526,-15.49304774163825
2007-12-31,-30.173977899469655,101.2319,-0.5543312865007266,23.52941176470588,-21.052631578947366,-19.317759394385796
2008-01-31,-39.84063385500156,101.119,-0.7343678905792643,11.76470588235294,-15.789473684210526,-23.398550837324894
2008-02-29,-47.05421251539485,100.9713,-0.9490230886425479,5.88235294117647,-15.789473684210526,-25.018433973238412
2008-03-31,-48.89816863796325,100.7815,-1.2079232505133177,5.88235294117647,-13.157894736842108,-27.91300590227442
2008-04-30,-42.13812250550584,100.5434,-1.5175794236870956,5.88235294117647,-23.68421052631579,-30.28767605608339
2008-05-31,-38.5863813008467,100.2399,-1.9036496128465927,0.0,-31.57894736842105,-29.834908205266604
2008-06-30,-35.96600470411935,99.8547,-2.3876067110301733,0.0,-36.8421052631579,-30.382309310186063
2008-07-31,-37.947225784353535,99.3682,-2.99639733912133,0.0,-34.21052631578947,-32.18244025422574
2008-08-31,-33.25465420619504,98.7692,-3.7399869261964938,0.0,-34.21052631578947,-31.222173892004566
2008-09-30,-50.381871396164996,98.0669,-4.590274793015396,0.0,-28.947368421052634,-30.68697620571749
2008-10-31,-79.08234997219033,97.3107,-5.44711778382225,0.0,-5.263157894736842,-41.82287793028636
2008-11-30,-84.08839334325336,96.6016,-6.123994485971011,5.88235294117647,7.8947368421052655,-45.26634856878286
2008-12-31,-78.66957199401952,96.0349,-6.458532675045291,17.647058823529413,26.315789473684216,-50.42081878257134
2009-01-31,-60.96214141016019,95.6667,-6.369110718948221,41.17647058823529,31.57894736842105,-50.87001003087182
2009-02-28,-68.10489813855322,95.5297,-5.821195350054424,47.05882352941176,36.8421052631579,-51.666954460580484
2009-03-31,-73.47870412900913,95.636,-4.821775455924396,76.47058823529412,42.10526315789473,-52.85551423429102
2009-04-30,-69.31557592871614,95.9618,-3.445645499870764,94.11764705882352,44.73684210526315,-49.25736613129574
2009-05-31,-61.40811770651107,96.436,-1.8567990697925012,100.0,42.10526315789473,-44.19044630108096
2009-06-30,-36.93502866490655,96.9908,-0.21327724396428493,100.0,42.10526315789473,-34.41760550811528
2009-07-31,-18.54244678505562,97.5699,1.348813662866462,100.0,47.36842105263158,-28.83836410505104
2009-08-31,-9.384826342064754,98.1288,2.7163720699433895,100.0,42.10526315789473,-23.057046962235262
2009-09-30,13.664305031189876,98.6379,3.808072179468695,100.0,42.10526315789473,-14.363415450853406
2009-10-31,46.46299191163037,99.0762,4.566205032673153,100.0,36.8421052631579,-3.7288727256055116
2009-11-30,63.355600245961284,99.4429,4.986766520551527,88.23529411764706,39.473684210526315,3.3137112095080647
2009-12-31,75.34815080313264,99.7485,5.1083202402480765,82.35294117647058,39.473684210526315,13.436698509233217
2010-01-31,73.05739413966488,99.9948,4.9694558507039375,76.47058823529412,42.10526315789473,20.27906197070015
2010-02-28,86.9954994076663,100.1817,4.615658984929965,82.35294117647058,42.10526315789473,26.11877892178716
2010-03-31,93.61544102158267,100.3173,4.113762475120524,76.47058823529412,34.210526315789465,39.158708849775266
2010-04-30,87.93297444511117,100.3949,3.5017511251606237,58.82352941176471,31.57894736842105,43.29654270275442
2010-05-31,65.67668939967763,100.4263,2.84856153514275,41.17647058823529,28.947368421052634,43.334009776862565
2010-06-30,39.519636124895165,100.4331,2.226042529708508,47.05882352941176,18.42105263157895,36.739794030255595
2010-07-31,41.982124580597755,100.4449,1.7048292868639265,47.05882352941176,10.526315789473683,33.213313383354674
2010-08-31,31.53691136332758,100.5226,1.399046857405125,58.82352941176471,10.526315789473683,29.290583950923118
2010-09-30,30.604775599978883,100.5992,1.167984139924826,70.58823529411765,10.526315789473683,24.360463626846823
2010-10-31,41.073246398895904,100.702,1.0536991533860203,76.47058823529412,5.263157894736848,24.021521636245545
2010-11-30,39.8791453329143,100.8199,1.0197436750319469,70.58823529411765,2.631578947368418,25.707977260047358
2010-12-31,32.00053408816202,100.9299,1.0097989189702332,70.58823529411765,2.631578947368418,26.158184420284215
2011-01-31,34.5646065277152,101.0053,0.9662657431413209,70.58823529411765,2.631578947368418,27.095101138588475
2011-02-28,37.91192511138751,101.016,0.8299553985392549,41.17647058823529,-7.8947368421052655,34.84330570954914
2011-03-31,34.23827375394296,100.9459,0.5724151267935156,11.76470588235294,-5.263157894736842,33.64609227252444
2011-04-30,37.699678664742855,100.8003,0.20845339707781818,11.76470588235294,-10.526315789473683,31.228784823141233
2011-05-31,44.02848334445954,100.5899,-0.23916017922768162,5.88235294117647,-7.8947368421052655,27.604211387455052
2011-06-30,46.242794355705854,100.3372,-0.7261555188178193,5.88235294117647,-5.263157894736842,24.005320478824117
2011-07-31,33.28508607729618,100.0705,-1.1982884679049022,5.88235294117647,-7.8947368421052655,26.35290382837411
2011-08-31,28.237955408278193,99.82104,-1.5962466040770096,5.88235294117647,-5.263157894736842,18.672399698166206
2011-09-30,16.199868441299348,99.633,-1.832998782380514,17.647058823529413,-5.263157894736842,23.140387084964395
2011-10-31,22.695938188890143,99.53265,-1.8705624874537818,23.52941176470588,2.631578947368418,24.466791512492527
2011-11-30,17.72192036151992,99.51232,-1.731827439375195,35.294117647058826,10.526315789473683,22.4048541129195
2011-12-31,21.888151988644687,99.54459,-1.4757865141555442,35.294117647058826,15.789473684210531,23.206950967675265
2012-01-31,25.342568542089595,99.59196,-1.1794379418389553,47.05882352941176,23.684210526315784,24.702466290282352
2012-02-29,29.974510896402744,99.6186,-0.9157961279788367,52.94117647058824,23.684210526315784,24.088451168701177
2012-03-31,32.311422696250546,99.60413,-0.7293010862785536,47.05882352941176,21.052631578947366,23.560785722500043
2012-04-30,27.494591658406083,99.54294,-0.6368449631673343,29.411764705882355,26.315789473684216,21.56427633077872
2012-05-31,25.84490167481451,99.44508,-0.6247466803249893,29.411764705882355,26.315789473684216,19.9939506175389
2012-06-30,26.111859347122703,99.32912,-0.6633037705766895,35.294117647058826,18.42105263157895,20.106679232432384
2012-07-31,29.4259422391904,99.22088,-0.7086372204230287,35.294117647058826,28.947368421052634,20.001767431370247
2012-08-31,37.106728254665505,99.14251,-0.7231321739466949,41.17647058823529,28.947368421052634,23.354173725036194
2012-09-30,43.35956372299969,99.10686,-0.6848910789518499,41.17647058823529,28.947368421052634,23.950782915039888
2012-10-31,34.09036107907405,99.11353,-0.591676936669316,35.294117647058826,28.947368421052634,25.055475308237515
2012-11-30,31.999214065922775,99.16305,-0.43540812664501516,70.58823529411765,31.57894736842105,21.32442342596856
2012-12-31,35.25376344818831,99.249,-0.22209755754674632,76.47058823529412,28.947368421052634,20.713726866174575
2013-01-31,34.71185918069864,99.35722,0.02462136462241915,76.47058823529412,31.57894736842105,18.72675571007744
2013-02-28,25.26443415955815,99.47528,0.2806039424052784,76.47058823529412,31.57894736842105,18.036092465610682
2013-03-31,24.451364257973932,99.5872,0.51130895211611,70.58823529411765,28.947368421052634,19.516051704168014
2013-04-30,32.01759142904589,99.69083,0.7071273617029306,64.70588235294117,28.947368421052634,19.465872469461182
2013-05-31,37.18015678142492,99.79935,0.8864931360093493,70.58823529411765,28.37837837837838,22.379374942360705
2013-06-30,28.754896045412746,99.91107,1.0396391160486331,64.70588235294117,25.67567567567568,25.58432722895575
2013-07-31,31.576619711901373,100.0236,1.1586567489261483,64.70588235294117,25.67567567567568,24.88891982364897
2013-08-31,24.720732837183988,100.1354,1.2416801149465613,70.58823529411765,25.67567567567568,24.149406355445716
2013-09-30,24.637319062019714,100.2383,1.2782450284767037,70.58823529411765,22.972972972972972,25.749116618767015
2013-10-31,25.25148735692667,100.3267,1.2660622881830648,64.70588235294117,25.67567567567568,21.207126562134825
2013-11-30,29.170979483409397,100.3958,1.2052187870891231,64.70588235294117,28.37837837837838,22.89204245524021
2013-12-31,26.206896920909703,100.4375,1.090544447240788,52.94117647058824,25.67567567567568,22.4127248416464
2014-01-31,24.439654863052557,100.457,0.9418567748919315,52.94117647058824,17.567567567567565,22.644453130518745
2014-02-28,28.7404359549948,100.467,0.7897205018178681,47.05882352941176,20.270270270270274,20.380114313385967
2014-03-31,28.91369871151079,100.4723,0.6459863634729288,52.94117647058824,14.864864864864868,22.790932663970437
2014-04-30,21.46595261703807,100.4644,0.49465902004510554,52.94117647058824,14.864864864864868,22.754491701179784
2014-05-31,27.821590006470437,100.4446,0.3388845713051296,47.05882352941176,20.270270270270274,20.596830181568002
2014-06-30,34.84319422424692,100.4211,0.19632191020319567,58.82352941176471,14.864864864864868,21.10923995606115
2014-07-31,32.41609053031409,100.4006,0.08026674090224617,64.70588235294117,17.567567567567565,23.817619420188006
2014-08-31,37.53362030537056,100.3848,-0.00660501553255699,58.82352941176471,12.16216216216216,23.85605909689184
2014-09-30,34.1483451937723,100.3807,-0.05234872551174874,58.82352941176471,17.567567567567565,24.844493556040057
2014-10-31,33.90422889249106,100.3809,-0.0737844956306617,52.94117647058824,14.864864864864868,25.660737949131054
2014-11-30,31.321963279433405,100.3821,-0.07987616035372014,47.05882352941176,17.567567567567565,25.37985062322542
2014-12-31,31.734882504110907,100.3836,-0.07502248042055726,52.94117647058824,17.567567567567565,24.346987676714082
2015-01-31,30.177401436036316,100.3861,-0.062176161410988584,52.94117647058824,22.972972972972972,23.868753815173704
2015-02-28,33.60508840889984,100.3801,-0.062348304228819984,58.82352941176471,31.081081081081084,21.910584525773594
2015-03-31,32.319564189793006,100.36,-0.08598705221949388,52.94117647058824,28.947368421052634,16.142020905159423
2015-04-30,34.67248773654376,100.3239,-0.13514394366296756,29.411764705882355,31.57894736842105,17.234420350787445
2015-05-31,28.106649217733757,100.2715,-0.20993492430591232,29.411764705882355,26.315789473684216,16.338039422106252
2015-06-30,24.33376207915153,100.2063,-0.3032468768308121,23.52941176470588,26.315789473684216,17.54030391876439
2015-07-31,21.609927208284976,100.1262,-0.41753812197872264,17.647058823529413,28.947368421052634,16.735030536133443
2015-08-31,15.480748614500712,100.0411,-0.5318975053015436,17.647058823529413,28.947368421052634,15.72973651518069
2015-09-30,12.747812713802162,99.96792,-0.6138107495553129,23.52941176470588,23.684210526315784,11.565746966520184
2015-10-31,17.702533230110124,99.90924,-0.6585985249748916,35.294117647058826,23.684210526315784,10.555020790234138
2015-11-30,17.147458624292465,99.85161,-0.6925054361864937,35.294117647058826,21.052631578947366,9.751754569554532
2015-12-31,14.125547224855202,99.79031,-0.7242054874841273,29.411764705882355,15.789473684210531,6.501601170485829
2016-01-31,5.514670162027935,99.72761,-0.7489253284728079,29.411764705882355,13.157894736842103,4.104289690381755
2016-02-29,1.792728927398103,99.66822,-0.7576367207184234,35.294117647058826,13.157894736842103,4.057014500221243
2016-03-31,10.953916555666346,99.62872,-0.7216201393983823,47.05882352941176,13.157894736842103,7.199724280961064
2016-04-30,15.928414792700499,99.611,-0.6424862320268829,47.05882352941176,15.789473684210531,4.57277528421743
2016-05-31,16.38317612045982,99.60897,-0.5371196468106518,58.82352941176471,15.789473684210531,3.7436669477742424
2016-06-30,19.46783865506523,99.62309,-0.40950045179374683,64.70588235294117,18.42105263157895,2.729742608867568
2016-07-31,31.40224310711775,99.65578,-0.2595486356793657,64.70588235294117,21.052631578947366,7.634088918810782
2016-08-31,35.79797405353576,99.71385,-0.07977471137297698,76.47058823529412,21.052631578947366,7.567200823765458
2016-09-30,40.87765890305524,99.80199,0.1338735723239779,76.47058823529412,21.052631578947366,11.11110580942178
2016-10-31,35.40486010513615,99.91355,0.3663022457465246,88.23529411764706,21.794871794871796,11.034338572668265
2016-11-30,35.826560213168015,100.0394,0.5991489504669829,88.23529411764706,21.794871794871796,13.441429055101718
2016-12-31,40.73193401444221,100.1619,0.7974800222747831,82.35294117647058,26.923076923076927,16.431343686200243
2017-01-31,52.02550226645266,100.2643,0.9299460129186059,82.35294117647058,29.487179487179482,19.147350075323903
2017-02-28,53.5004474403107,100.3456,0.9974812157240507,88.23529411764706,29.487179487179482,21.973829762768666
2017-03-31,41.163575035586895,100.4109,1.0133550787813732,88.23529411764706,29.487179487179482,21.41233299515308
2017-04-30,38.38627223459619,100.4683,0.9982501572972637,82.35294117647058,24.35897435897436,21.555537940048872
2017-05-31,42.395280508555864,100.527,0.9739064543147009,82.35294117647058,26.923076923076927,22.757169717430095
2017-06-30,41.88018042738842,100.5905,0.9490688131451321,82.35294117647058,29.487179487179482,20.522309613212883
2017-07-31,36.42268756320089,100.6599,0.9275379784681235,70.58823529411765,28.947368421052634,17.142159836102916
2017-08-31,35.2966800974918,100.7368,0.914228917025369,64.70588235294117,26.315789473684216,18.814642651663846
2017-09-30,33.95625696169235,100.8116,0.8941492414906662,64.70588235294117,26.315789473684216,16.890106773872546
2017-10-31,39.66245424362968,100.8771,0.8590004533169662,64.70588235294117,26.923076923076927,19.600472758948243
2017-11-30,40.59041232423394,100.925,0.7985718550935275,64.70588235294117,21.794871794871796,20.56178194080422
2017-12-31,41.741601986744335,100.9512,0.7103000419732552,47.05882352941176,21.794871794871796,22.08301509685653
2018-01-31,39.820485151059145,100.959,0.6031555831191184,35.294117647058826,19.23076923076923,21.71004012260989
2018-02-28,32.97093561628314,100.9495,0.478937902568461,35.294117647058826,19.23076923076923,22.943417119952247
2018-03-31,30.507180861917938,100.9102,0.31415237435277277,17.647058823529413,15.789473684210531,21.961117207885614
2018-04-30,28.703738327019746,100.8423,0.11322280049341771,17.647058823529413,13.157894736842103,20.091291007628058
2018-05-31,26.251490567651512,100.758,-0.09827233376536526,11.76470588235294,7.8947368421052655,22.194590619959282
2018-06-30,24.689183491746483,100.6595,-0.31364312761895974,11.76470588235294,5.263157894736848,20.85890330418826
2018-07-31,25.04281896839721,100.5484,-0.5271457104204558,17.647058823529413,5.263157894736848,20.102792740027017
2018-08-31,28.10471406777562,100.4246,-0.7362513630144747,5.88235294117647,5.263157894736848,17.87295475588191
2018-09-30,27.103538603519283,100.267,-0.9764846690901834,11.76470588235294,0.0,18.13848299767548
2018-10-31,15.325602128699742,100.1214,-1.1596489801620038,17.647058823529413,-2.631578947368424,12.896652748514349
2018-11-30,12.247662590652988,100.0015,-1.26415950827203,35.294117647058826,-7.8947368421052655,6.887046543007237
2018-12-31,4.445062490745745,99.86787,-1.368477792620098,35.294117647058826,-10.526315789473683,5.624110334885869
2019-01-31,8.573795844593903,99.72439,-1.4667715850615082,29.411764705882355,-13.157894736842108,4.553281691972428
2019-02-28,16.56212991402046,99.64188,-1.4310636097156646,47.05882352941176,-10.526315789473683,2.3843240644653294
2019-03-31,23.834493364258808,99.5707,-1.363515561452914,47.05882352941176,-13.157894736842108,2.793670700284392
2019-04-30,30.195444622951122,99.50936,-1.2729453983296821,35.294117647058826,-13.157894736842108,5.8979068663400245
2019-05-31,21.10919882700397,99.43143,-1.2135625487181727,29.411764705882355,-3.8461538461538436,4.532177924214789
2019-06-30,25.523568761128647,99.34359,-1.1732011846594048,35.294117647058826,2.631578947368418,1.383902396454266
2019-07-31,26.298090193967656,99.26103,-1.1246567987410714,29.411764705882355,15.789473684210531,2.312503938184371
2019-08-31,22.879828271318093,99.19482,-1.0502405521559837,29.411764705882355,23.684210526315784,-0.3344827959775123
2019-09-30,24.624670467588267,99.06548,-1.100824952229189,17.647058823529413,28.947368421052634,-0.6237136839592903
2019-10-31,32.4164076911923,98.97793,-1.0787252949736086,35.294117647058826,28.947368421052634,-0.10523013391589675
2019-11-30,37.211205556607695,98.97611,-0.9070630385827343,41.17647058823529,28.947368421052634,3.854596277385069
2019-12-31,41.67579039521539,98.96792,-0.7648711471482272,41.17647058823529,26.315789473684216,1.0252606927587093
2020-01-31,38.784593175253725,98.93382,-0.6896736924085047,52.94117647058824,28.947368421052634,2.1413099204924055
2020-02-29,25.20413437641362,98.86993,-0.6864389657070546,23.52941176470588,28.947368421052634,3.3256117597695565
2020-03-31,-104.23410328214392,96.58498,-4.768322054825219,5.88235294117647,39.473684210526315,-21.90966766260957
2020-04-30,-242.76710985491457,91.3428,-13.69153240117339,11.76470588235294,42.10526315789473,-54.2019247910774
2020-05-31,-121.87663184270522,93.51551,-9.186724337033283,82.35294117647058,42.10526315789473,-33.27015982497848
2020-06-30,-93.0909124506913,96.13468,-3.1010791552665466,94.11764705882352,42.10526315789473,-9.816042153641114
2020-07-31,-72.10808071033527,97.541,-0.09366464052078527,88.23529411764706,42.10526315789473,-4.749314989234229
2020-08-31,-41.598605941910805,98.0974,1.3383922155720853,94.11764705882352,42.10526315789473,2.8302156857073513
2020-09-30,9.084958956985924,98.37415,1.950411691743767,88.23529411764706,39.473684210526315,5.00841522892137
2020-10-31,36.94961124291871,98.63027,2.622157486731112,94.11764705882352,39.473684210526315,12.27559461875622
2020-11-30,47.10829435929294,98.96292,3.3326272563541295,94.11764705882352,36.8421052631579,16.449049876660343
2020-12-31,50.84796964919324,99.37069,4.134418206924082,94.11764705882352,36.8421052631579,16.686398373147856
2021-01-31,51.145813155608195,99.67313,4.64336403305235,88.23529411764706,36.8421052631579,22.56666041237875
2021-02-28,60.976383635316054,100.1589,5.446974934601869,88.23529411764706,36.8421052631579,26.031600572377986
2021-03-31,97.56881403150439,100.5812,6.696607815861739,88.23529411764706,31.57894736842105,44.22580174024581
2021-04-30,81.82171453173473,100.9017,6.023108924109394,94.11764705882352,31.57894736842105,62.67861235090561
2021-05-31,76.20555394689178,101.1222,4.093390118704733,76.47058823529412,28.947368421052634,57.28192726565553
2021-06-30,78.39240438347585,101.2625,2.798354999477141,76.47058823529412,21.052631578947366,45.86583504269371
2021-07-31,64.89494755939654,101.3228,1.990367510403047,64.70588235294117,18.42105263157895,40.703143015753604
2021-08-31,59.125959304144494,101.3141,1.085857674452484,58.82352941176471,13.157894736842103,36.53642866375084
2021-09-30,65.3491101484567,101.2,0.5502878090187977,41.17647058823529,13.157894736842103,35.248396443423374
2021-10-31,63.79589639114051,101.1,0.1160635615575103,29.411764705882355,5.263157894736848,33.010833397225035
2021-11-30,46.327596304811124,100.9,-0.3907575017634741,23.52941176470588,2.631578947368418,32.00359275280556
2021-12-31,41.386602406160996,100.8,-0.7736472744325056,23.52941176470588,0.0,28.033000921132487
2022-01-31,33.70748592999335,100.6,-1.1217964549112764,17.647058823529413,0.0,21.946653496877346
2022-02-28,29.26511159556882,100.4,-1.4490974630392799,17.647058823529413,0.0,22.93495681374965
2022-03-31,27.277654059752567,100.2,-1.7465343608603519,5.88235294117647,-10.526315789473683,18.52165017978587
2022-04-30,8.580089824954351,100.0,-1.9984540813244536,5.88235294117647,-14.102564102564102,13.018195216622964
2022-05-31,-0.452275799278711,99.69965,-2.185342293378582,5.88235294117647,-26.315789473684216,3.2137178754120947
2022-06-30,-10.443202324591716,99.47699,-2.320285794218691,5.88235294117647,-28.947368421052634,-3.2366099562405113
2022-07-31,-8.944356294902086,99.27964,-2.371422893891733,5.88235294117647,-34.21052631578947,-5.871040412984942
2022-08-31,-11.859123739693569,99.11762,-2.340740071107234,0.0,-39.473684210526315,-7.653543678435047
2022-09-30,-20.909231366800807,98.98572,-2.2490643880010452,11.76470588235294,-42.10526315789473,-13.797684325789245
2022-10-31,-26.992999902267425,98.86669,-1.9377756620500293,35.294117647058826,-42.10526315789473,-18.408780289206245
2022-11-30,-19.731789196229965,98.80397,-1.5914024529154318,41.17647058823529,-42.10526315789473,-18.20651944755575
2022-12-31,-23.584442889927015,98.88329,-1.1549418915947882,47.05882352941176,-42.10526315789473,-21.322812085081587
2023-01-31,-14.334839009198962,99.00114,-0.6809841229319602,41.17647058823529,-42.10526315789473,-15.29741432652164
2023-02-28,-14.243050569844918,99.27944,-0.1897436156760932,41.17647058823529,-42.10526315789473,-15.763201878935654
2023-03-31,-22.538889829476624,99.42054,0.3262485533492878,64.70588235294117,-42.10526315789473,-15.794206557485907
2023-04-30,-9.596162311557038,99.55612,0.6782218452186868,58.82352941176471,-42.10526315789473,-18.31254129340456
2023-05-31,-8.671467108265723,99.68668,0.9642572587941061,70.58823529411765,-42.10526315789473,-14.92937932283687
2023-06-30,2.576686646707831,99.78965,1.1414644163398862,47.05882352941176,-44.73684210526316,-12.940191441495958
2023-07-31,3.274335830834853,99.86786,1.2202721049401504,47.05882352941176,-44.73684210526316,-16.291648600335012
2023-08-31,-2.2143539968639043,99.91039,1.1884871946627413,52.94117647058824,-42.10526315789473,-18.002995766157753
2023-09-30,8.57993241494971,99.91658,1.0256713765859615,47.05882352941176,-36.8421052631579,-18.240464816335464
2023-10-31,4.627089839234074,99.90377,0.8414620299045623,58.82352941176471,-34.21052631578947,-20.934201079148288
2023-11-30,6.852349447262017,99.89034,0.7988136752822754,70.58823529411765,-34.21052631578947,-15.435905533775959
2023-12-31,20.362999441788908,99.88474,0.5892891337399959,70.58823529411765,-26.315789473684216,-11.86596844770446
2024-01-31,14.680814000632076,99.88879,0.3936045545337379,70.58823529411765,-23.68421052631579,-10.937681637588707
2024-02-29,19.915213555920978,99.86478,0.21257749450074925,70.58823529411765,-23.68421052631579,-8.477195683373516
2024-03-31,26.163711682546996,99.86855,0.05747382754836394,76.47058823529412,-18.42105263157895,-2.8204481872187444
2024-04-30,18.097193273447893,99.86455,-0.08021753137144572,82.35294117647058,-18.42105263157895,-1.6540201290881322
2024-05-31,21.27346454973163,99.75871,-0.18517348501808328,76.47058823529412,-15.789473684210526,-5.351596377855524
2024-06-30,19.26147062726037,99.80053,-0.24188345899636943,76.47058823529412,-2.631578947368424,-7.473741628370255
2024-07-31,15.732596951375719,99.8037,-0.22851041808250727,76.47058823529412,0.0,-4.696640959725291
2024-08-31,22.912786167707136,99.83984,-0.08317070192627796,70.58823529411765,7.8947368421052655,-5.464369075377574
2024-09-30,31.801745160039108,99.91319,0.06326418939359257,64.70588235294117,21.052631578947366,-4.2362352779029155
2024-10-31,38.05762833875849,100.0153,0.2499778792282541,64.70588235294117,26.923076923076927,1.2365133456570288
2024-11-30,31.41936782394861,100.1283,0.43885794084654606,58.82352941176471,29.487179487179482,5.168346761333119
2024-12-31,21.47165895537521,100.234,0.606544041016079,64.70588235294117,32.05128205128205,3.0972811209579483
2025-01-31,19.672028988513134,100.3177,0.7188618705640408,64.70588235294117,32.05128205128205,0.8386517232679804
2025-02-28,17.363228050219863,100.3773,0.7705601556369714,64.70588235294117,37.17948717948718,-2.3685096948278503
2025-03-31,11.114072235186338,100.4117,0.7627586099378902,70.58823529411765,36.8421052631579,-3.649384427124084
2025-04-30,6.928157082852759,100.401,0.7259115804492637,76.47058823529412,34.210526315789465,-5.463189823830995
2025-05-31,10.185791299277948,100.4441,0.7165538338319521,76.47058823529412,34.210526315789465,-2.415183527855636
2025-06-30,9.149489330884993,100.0266,0.08065636297105527,82.35294117647058,39.473684210526315,1.8834670787590948
2025-07-31,12.449037894235598,100.0596,0.1153291364951059,88.23529411764706,44.5945945945946,2.0761533951091513
2025-08-31,10.205332388390264,100.111,0.17837177660553039,88.23529411764706,44.5945945945946,1.1853244356847725
2025-09-30,11.44328842965314,100.1781,0.25621720371475476,94.11764705882352,44.5945945945946,-0.5244428592884067
2025-10-31,12.151238648888128,100.2608,0.3614392994471416,88.23529411764706,44.5945945945946,-0.23262209569890469
2025-11-30,6.17377595822423,100.3614,0.49903805676375157,88.23529411764706,44.5945945945946,-4.441089719509267
2025-12-31,10.13696705264547,100.4776,0.6621993171930853,94.11764705882352,44.5945945945946,-4.24907057888682
2026-01-31,10.978590257604028,100.4958,0.7463460520112903,94.11764705882352,44.44444444444444,0.015374340542687381
2026-02-28,10.312934320483661,100.6007,0.8714309792544839,88.23529411764706,38.23529411764706,0.804098921188579
2026-03-31,9.76614545273488,,,,,
2026-04-30,23.289728897510393,,,,,
