date,spx_yoy
2008-01-05,0.1362013462709477
2008-01-12,-2.0765596124410646
2008-01-19,-7.361765717843416
2008-01-26,-6.438711337600223
2008-02-02,-3.6571621018791856
2008-02-09,-7.424586956100998
2008-02-16,-7.251607375645186
2008-02-23,-6.758588469793613
2008-03-01,-4.075927050853256
2008-03-08,-7.803453948441819
2008-03-15,-7.124261148713407
2008-03-22,-7.422828103227874
2008-03-29,-7.434934880110589
2008-04-05,-5.081175877940513
2008-04-12,-8.26100571621965
2008-04-19,-6.334087046697745
2008-04-26,-6.440794870933841
2008-05-03,-6.09184063711814
2008-05-10,-7.807547112607627
2008-05-17,-6.396324046236246
2008-05-24,-9.22327383895768
2008-05-31,-8.849601257681638
2008-06-07,-9.749480055312866
2008-06-14,-11.277896355824069
2008-06-21,-12.287695511859154
2008-06-28,-14.964577400910384
2008-07-05,-17.481242468512516
2008-07-12,-20.161675347222218
2008-07-19,-17.82282290765107
2008-07-26,-13.790050936610122
2008-08-02,-12.054623877349435
2008-08-09,-10.822491591731731
2008-08-16,-10.21757446513929
2008-08-23,-12.65201028566798
2008-08-30,-12.968882790668868
2008-09-06,-14.532694653663969
2008-09-13,-15.667849003073941
2008-09-20,-17.740130686240374
2008-09-27,-20.53250240502702
2008-10-04,-29.427512722205094
2008-10-11,-42.424129684344535
2008-10-18,-37.32299202784377
2008-10-25,-42.89185016411685
2008-11-01,-35.829497941021195
2008-11-08,-35.957211150494054
2008-11-15,-40.13395232367402
2008-11-22,-44.469351259009535
2008-11-29,-39.489853668756226
2008-12-06,-41.77621606053784
2008-12-13,-40.07084643679744
2008-12-20,-40.188349416842584
2008-12-27,-40.966797640976274
2009-01-03,-33.99120275356269
2009-01-10,-36.44987486446991
2009-01-17,-35.84919651479797
2009-01-24,-37.47604321583229
2009-01-31,-40.8149532847631
2009-02-07,-34.75501580424884
2009-02-14,-38.75213647236606
2009-02-21,-43.09036248868596
2009-02-28,-44.756241467724344
2009-03-07,-47.16283758995863
2009-03-14,-41.26803148806395
2009-03-21,-42.19374262832161
2009-03-28,-37.96170826046692
2009-04-04,-38.5216006282381
2009-04-11,-35.733737550880186
2009-04-18,-37.45369782194835
2009-04-25,-38.030818859839286
2009-05-02,-37.936204513830106
2009-05-09,-33.06609899593679
2009-05-16,-38.05872101552635
2009-05-23,-35.534513719812566
2009-05-30,-34.364957265627794
2009-06-06,-30.910280907580557
2009-06-13,-30.427269869780783
2009-06-20,-30.10023727171154
2009-06-27,-28.119962694637344
2009-07-04,-29.018927422536002
2009-07-11,-29.07324691532378
2009-07-18,-25.406926038473433
2009-07-25,-22.142538945239366
2009-08-01,-21.647853737628896
2009-08-08,-22.05010936062338
2009-08-15,-22.655209935181052
2009-08-22,-20.590462493654172
2009-08-29,-19.792171296390126
2009-09-05,-18.184673996394217
2009-09-12,-16.69489325356941
2009-09-19,-14.881913006857383
2009-09-26,-13.920233083290778
2009-10-03,-6.733806468750537
2009-10-10,19.15771725983213
2009-10-17,15.642982066611278
2009-10-24,23.13376957883746
2009-10-31,6.96154233870967
2009-11-07,14.856234765631648
2009-11-14,25.213847402530455
2009-11-21,36.4173799628493
2009-11-28,21.785459489365167
2009-12-05,26.24333343481824
2009-12-12,25.7670033696197
2009-12-19,24.168802612987704
2009-12-26,29.065077477516542
2010-01-02,19.6716022960171
2010-01-09,28.59886694726319
2010-01-16,33.63172679408339
2010-01-23,31.22903945507003
2010-01-30,30.027363390346686
2010-02-06,22.748097095791753
2010-02-13,30.074739349020852
2010-02-20,44.038706775944746
2010-02-27,50.25234323462486
2010-03-06,66.62763660566009
2010-03-13,52.00449524679285
2010-03-20,50.92253592210587
2010-03-27,42.97496903322704
2010-04-03,39.8338249953635
2010-04-10,39.43798432350742
2010-04-17,37.08947083163772
2010-04-24,40.52619474543682
2010-05-01,35.23223573180143
2010-05-08,19.548446373031258
2010-05-15,28.633568257294485
2010-05-22,22.625698016488172
2010-05-29,18.52492730352695
2010-06-05,13.274258258515626
2010-06-12,15.365505568221804
2010-06-19,21.306300647857945
2010-06-26,17.179233992536027
2010-07-03,14.073764149045287
2010-07-10,22.616672727623644
2010-07-17,13.239328713238097
2010-07-24,12.601354408784339
2010-07-31,11.55668948984825
2010-08-07,11.000716127807063
2010-08-14,7.485381901452737
2010-08-21,4.439977030848108
2010-08-28,3.4657275274217136
2010-09-04,8.668829519396803
2010-09-11,6.408185207193973
2010-09-18,5.362717810883932
2010-09-25,9.98583260641821
2010-10-02,11.805389521010845
2010-10-09,8.741102113254517
2010-10-16,8.137492950554282
2010-10-23,9.58502990078225
2010-10-30,14.19335031951585
2010-11-06,14.640411447598822
2010-11-13,9.6691281374375
2010-11-20,9.927795552528163
2010-11-27,8.970309856773252
2010-12-04,10.735273925883227
2010-12-11,12.110337586889086
2010-12-18,12.82938014051811
2010-12-25,11.566121131445573
2011-01-01,12.782713853760175
2011-01-08,11.049976566354736
2011-01-15,13.838539200834532
2011-01-22,17.548725370646466
2011-01-29,18.854234835104975
2011-02-05,22.949011635601902
2011-02-12,23.583231429311446
2011-02-19,21.082427090128107
2011-02-26,19.501309794824962
2011-03-05,16.022664535501384
2011-03-12,13.416641916253091
2011-03-19,10.286225882589184
2011-03-26,12.6188367224896
2011-04-02,13.098214225579841
2011-04-09,11.202562805087624
2011-04-16,10.699340533808922
2011-04-23,9.866256957760955
2011-04-30,14.908700054848278
2011-05-07,20.643088837777192
2011-05-14,17.794621395345047
2011-05-21,22.578132680669547
2011-05-28,22.1853970335641
2011-06-04,22.094510951284786
2011-06-11,16.432760067306408
2011-06-18,13.779741468863559
2011-06-25,17.802475915498995
2011-07-02,31.008822933766478
2011-07-09,24.661406501538742
2011-07-16,23.595147679881133
2011-07-23,21.979574650301316
2011-07-30,17.30937345105834
2011-08-06,6.930921616481522
2011-08-13,9.22493014535557
2011-08-20,4.837228183984021
2011-08-27,10.540216102952815
2011-09-03,6.288757940024392
2011-09-10,4.02685139690766
2011-09-17,8.0331245561003
2011-09-24,-1.0655793018101711
2011-10-01,-1.2929182732520306
2011-10-08,-0.8316580074257396
2011-10-15,4.114132670662229
2011-10-22,4.663255738799976
2011-10-29,8.605881650209547
2011-11-05,2.2335526718695986
2011-11-12,5.39021662210879
2011-11-19,1.326968918380489
2011-11-26,-2.583653929542218
2011-12-03,1.5979349383583363
2011-12-10,1.1923505886074048
2011-12-17,-1.9494979004644808
2011-12-24,0.6811060409151137
2011-12-31,-0.0031836663936912757
2012-01-07,0.49626886305544904
2012-01-14,-0.3209013365964908
2012-01-21,2.495814073027991
2012-01-28,3.1331769987060776
2012-02-04,2.5959881165662724
2012-02-11,1.014933603174084
2012-02-18,1.356651891693983
2012-02-25,3.474557170493253
2012-03-03,3.6695287872587468
2012-03-10,5.105496084012762
2012-03-17,9.768535801287271
2012-03-24,6.341142748300843
2012-03-31,5.708448193296944
2012-04-07,5.263626628839524
2012-04-14,3.8327438466965402
2012-04-21,3.076913387655167
2012-04-28,2.915056389070947
2012-05-05,2.1563964682129955
2012-05-12,1.1676143798364347
2012-05-19,-2.8538891800404143
2012-05-26,-0.9976733183417963
2012-06-02,-1.701328646911049
2012-06-09,4.302196301374539
2012-06-16,5.610693340174011
2012-06-23,5.248143081867229
2012-06-30,1.6787708537650214
2012-07-07,0.8096446262448431
2012-07-14,3.087818484060989
2012-07-21,1.3115057316831047
2012-07-28,7.249972086717649
2012-08-04,15.975752853265558
2012-08-11,19.26179157262251
2012-08-18,26.223598586608077
2012-08-25,19.912469946618106
2012-09-01,19.81396382841425
2012-09-08,24.57829620413705
2012-09-15,20.5393054135931
2012-09-22,28.485692511038295
2012-09-29,27.332908026061787
2012-10-06,26.437098913024194
2012-10-13,16.659590805560608
2012-10-20,15.743181215929747
2012-10-27,9.870902346122135
2012-11-03,12.844407906912414
2012-11-10,9.178304564687023
2012-11-17,11.864432819656967
2012-11-24,21.617886971156764
2012-12-01,13.815220076400392
2012-12-08,12.976522477572615
2012-12-15,15.899506127986363
2012-12-22,13.02585681866615
2012-12-29,11.516386842924442
2013-01-05,14.764315779216686
2013-01-12,14.192964638537543
2013-01-19,12.969634246579286
2013-01-26,14.178056499008896
2013-02-02,12.511712132993736
2013-02-09,13.055624527055286
2013-02-16,11.648293151694222
2013-02-23,10.972804957248483
2013-03-02,10.847451191884062
2013-03-09,13.15296557922958
2013-03-16,11.147503673184666
2013-03-23,11.43646749161762
2013-03-30,11.410961827101772
2013-04-06,11.100944017547775
2013-04-13,15.952444372780095
2013-04-20,12.819450207643413
2013-04-27,12.746551615407542
2013-05-04,17.918345828206196
2013-05-11,20.71168942355852
2013-05-18,28.740291874739988
2013-05-25,25.17643098597473
2013-06-01,27.59694065849425
2013-06-08,23.966926852383285
2013-06-15,21.141016195106687
2013-06-22,19.281361358915717
2013-06-29,17.921535575238057
2013-07-06,20.46313151050878
2013-07-13,23.836576683471367
2013-07-20,24.175504041911644
2013-07-27,22.055315784068608
2013-08-03,22.910305318389934
2013-08-10,20.311269877007554
2013-08-17,16.75903396984928
2013-08-24,17.884248385615308
2013-08-31,16.095069012887
2013-09-07,15.108628669221225
2013-09-14,15.160630094903315
2013-09-21,17.10509232541706
2013-09-28,17.427998667002086
2013-10-05,15.713958769341986
2013-10-12,19.222449542677445
2013-10-19,21.721479449422574
2013-10-26,24.634906055463766
2013-11-02,24.567958950122758
2013-11-09,28.319021392140353
2013-11-16,32.230788544162436
2013-11-23,28.07436954883926
2013-11-30,27.512744856265403
2013-12-07,27.2920260769957
2013-12-14,25.590345185991037
2013-12-21,27.141902265395878
2013-12-28,31.30066769045463
2014-01-04,24.882884184740917
2014-01-11,25.15674970316859
2014-01-18,23.736522385171032
2014-01-25,19.117613615320295
2014-02-01,17.80499970595091
2014-02-08,18.38622044131819
2014-02-15,20.97921144535153
2014-02-22,21.156639586913272
2014-03-01,22.47727644415971
2014-03-08,21.071698580032994
2014-03-15,17.968223392354975
2014-03-22,19.88772501394265
2014-03-29,18.38082478737133
2014-04-05,20.074289931132693
2014-04-12,14.2769908616865
2014-04-19,19.90676583095563
2014-04-26,17.769746430062085
2014-05-03,16.52110128980535
2014-05-10,14.983169285234466
2014-05-17,12.617319552670692
2014-05-24,15.211569921477919
2014-05-31,17.956875885076016
2014-06-07,18.623807981968366
2014-06-14,19.021599000823343
2014-06-21,23.262556527553023
2014-06-28,22.080828073040347
2014-07-05,21.665058526262193
2014-07-12,17.10401888504862
2014-07-19,16.909857670841923
2014-07-26,16.947355378991634
2014-08-02,12.60360039832591
2014-08-09,14.199306833020199
2014-08-16,18.07130626214977
2014-08-23,19.53111057493613
2014-08-30,22.682598642923946
2014-09-06,21.299317147612395
2014-09-13,17.627477091070354
2014-09-20,17.5734386153557
2014-09-27,17.207032693124713
2014-10-04,16.409347791426356
2014-10-11,11.914634777397271
2014-10-18,8.154772700809687
2014-10-25,11.63844901608182
2014-11-01,14.55518903110622
2014-11-08,14.758194111385059
2014-11-15,13.438025412385613
2014-11-22,14.336531662621233
2014-11-29,14.494879943455086
2014-12-06,14.973223301053595
2014-12-13,12.786991451323582
2014-12-20,13.877093333857871
2014-12-27,13.433799926004731
2015-01-03,12.38580716400637
2015-01-10,10.988024338926872
2015-01-17,9.828688615467552
2015-01-24,14.608249143464347
2015-01-31,11.91524851405299
2015-02-07,14.382140897867757
2015-02-14,14.051765970610797
2015-02-21,14.92444105258679
2015-02-28,13.178631060959066
2015-03-07,10.288383989916339
2015-03-14,11.529326929547734
2015-03-21,12.942806698942855
2015-03-28,10.949495857533066
2015-04-04,10.823606304074463
2015-04-11,15.77197244182047
2015-04-18,11.60039461011959
2015-04-25,13.64655541808033
2015-05-02,12.075125862256142
2015-05-09,12.64959539937205
2015-05-16,13.039843067498147
2015-05-23,11.866691176687837
2015-05-30,9.556187267517192
2015-06-06,7.355452900760517
2015-06-13,8.15790381238335
2015-06-20,7.495147181584194
2015-06-27,7.166389528406802
2015-07-04,4.60049614121949
2015-07-11,5.54237835885385
2015-07-18,7.502700613332025
2015-07-25,5.120956876662475
2015-08-01,9.28187731919483
2015-08-08,7.557509881610258
2015-08-15,6.980858714228888
2015-08-22,-0.880608003954575
2015-08-29,-0.7237804317395624
2015-09-05,-4.307892669615909
2015-09-12,-1.2334170932124966
2015-09-19,-2.6049539634506735
2015-09-26,-2.597776453077527
2015-10-03,-0.8404918368464798
2015-10-10,5.705802305562657
2015-10-17,7.756682080839594
2015-10-24,5.628172370805995
2015-10-31,3.0380841460970087
2015-11-07,3.3111493450267426
2015-11-14,-0.8226170774086827
2015-11-21,1.2439991216379953
2015-11-28,1.0906599174421272
2015-12-05,0.7863572903741289
2015-12-12,0.5014178123910362
2015-12-19,-3.1439333825548754
2015-12-26,-1.3299707022369711
2016-01-02,-0.6928388933983731
2016-01-09,-6.004471113630617
2016-01-16,-6.887625400552455
2016-01-23,-7.062999635303779
2016-01-30,-2.744374671953509
2016-02-06,-8.534297478206076
2016-02-13,-11.073489240239365
2016-02-20,-9.122874239526213
2016-02-27,-7.434067530143739
2016-03-05,-3.4409016345231636
2016-03-12,-1.519916354426476
2016-03-19,-2.775960192607152
2016-03-26,-1.2168769777745392
2016-04-02,0.28157625059825886
2016-04-09,-2.5907957665227466
2016-04-16,-0.021620003394917653
2016-04-23,-1.2329407988740715
2016-04-30,-2.0390927926354663
2016-05-07,-2.786267301033074
2016-05-14,-3.585948086547419
2016-05-21,-3.4683869788301847
2016-05-28,-0.3952678151162847
2016-06-04,0.3010184512038494
2016-06-11,0.09359397724855167
2016-06-18,-1.8374504007454329
2016-06-25,-3.0492629682971173
2016-07-02,1.2601200659590361
2016-07-09,2.565697245984988
2016-07-16,1.6504955906614827
2016-07-23,4.586354984347718
2016-07-30,3.315841834517408
2016-08-06,5.06842346411347
2016-08-13,4.423057079370629
2016-08-20,10.8062906075991
2016-08-27,9.058915081812401
2016-09-03,13.468525921626995
2016-09-10,8.503608047396671
2016-09-17,9.250618228646035
2016-09-24,12.082283788231196
2016-10-01,11.11583899475157
2016-10-08,6.891193791049899
2016-10-15,4.912178673890977
2016-10-22,3.1809754895812947
2016-10-29,2.262705941100096
2016-11-05,-0.6678744215587118
2016-11-12,6.989971002991413
2016-11-19,4.438604035880722
2016-11-26,5.896339613724466
2016-12-03,4.793253903502537
2016-12-10,12.28203733803408
2016-12-17,12.59106047634171
2016-12-24,9.839933710937764
2016-12-31,9.535022667283656
2017-01-07,18.467450859845535
2017-01-14,20.97025233543477
2017-01-21,19.110075489755186
2017-01-28,18.268356128927053
2017-02-04,22.199934161701208
2017-02-11,24.202322057768267
2017-02-18,22.597997486259793
2017-02-25,21.523576322627314
2017-03-04,19.15660222420548
2017-03-11,17.328251371200153
2017-03-18,16.03596392172557
2017-03-25,15.130114243435532
2017-04-01,13.987974474291075
2017-04-08,15.039073410246683
2017-04-15,11.929465766009951
2017-04-22,12.292613893690184
2017-04-29,15.440850956484375
2017-05-06,16.63232275640589
2017-05-13,16.822448803456137
2017-05-20,16.05061107124024
2017-05-27,15.090564391846705
2017-06-03,16.194337869718154
2017-06-10,16.015683647189928
2017-06-17,17.474239180774177
2017-06-24,19.676452354856778
2017-07-01,15.2385919008164
2017-07-08,13.863563680713241
2017-07-15,13.763451230997337
2017-07-22,13.678432286371756
2017-07-29,13.732976931767094
2017-08-05,13.46667209482213
2017-08-12,11.779492858659113
2017-08-19,11.066589067662713
2017-08-26,12.632777857067934
2017-09-02,13.604256507695322
2017-09-09,15.679025094343313
2017-09-16,16.879059219248948
2017-09-23,15.592534655453004
2017-09-30,16.1921755467765
2017-10-07,18.36758799503815
2017-10-14,19.699666441028096
2017-10-21,20.271724982956464
2017-10-28,21.381585632235044
2017-11-04,24.106320448543062
2017-11-11,19.305140201094417
2017-11-18,18.192869200191296
2017-11-25,17.578322771022158
2017-12-02,20.54198451431446
2017-12-09,17.347411436045345
2017-12-16,18.49986836493025
2017-12-23,18.53308131887852
2017-12-30,19.419965523287928
2018-01-06,20.47316734770026
2018-01-13,22.491476533298282
2018-01-20,23.730357209269926
2018-01-27,25.196440065751325
2018-02-03,20.227471543740894
2018-02-10,13.101763238944098
2018-02-17,16.207322038417903
2018-02-24,16.05007928016191
2018-03-03,12.929683258103974
2018-03-10,17.447945446519242
2018-03-17,15.715757795253872
2018-03-24,10.4215919646218
2018-03-31,11.772455048983232
2018-04-07,10.567849729257773
2018-04-14,14.055694820386112
2018-04-21,13.686351080441494
2018-04-28,11.983473147756275
2018-05-05,11.008668335725936
2018-05-12,14.087585516616441
2018-05-19,13.907537502180812
2018-05-26,12.646223688881841
2018-06-02,12.117325068357921
2018-06-09,14.28013368766521
2018-06-16,14.2412109271133
2018-06-23,12.983629071267377
2018-06-30,12.171288216832732
2018-07-07,13.798569432016006
2018-07-14,13.908193746357899
2018-07-21,13.317885003284125
2018-07-28,14.025320861070444
2018-08-04,14.676825137977989
2018-08-11,16.055246750210284
2018-08-18,17.50447632237091
2018-08-25,17.66807408571809
2018-09-01,17.1597570137626
2018-09-08,16.667141108768213
2018-09-15,16.18851078348067
2018-09-22,17.08282869518307
2018-09-29,15.663496134766518
2018-10-06,13.189347002161256
2018-10-13,8.380169259567793
2018-10-20,7.477839526889296
2018-10-27,3.0072749282708644
2018-11-03,5.225205812981448
2018-11-10,7.695076373006171
2018-11-17,6.104268023103354
2018-11-24,1.1581580845352102
2018-12-01,4.464047372274127
2018-12-08,-0.6946981661323792
2018-12-15,-2.8350333454439047
2018-12-22,-9.939849663737322
2018-12-29,-7.026832995057031
2019-01-05,-7.699541346867045
2019-01-12,-6.818507419842512
2019-01-19,-4.967088405696507
2019-01-26,-7.243978980351951
2019-02-02,-2.0129340716958377
2019-02-09,3.3719467976528916
2019-02-16,1.587724539688562
2019-02-23,1.65143494487352
2019-03-02,4.1779820308871285
2019-03-09,-1.5610588979594997
2019-03-16,2.5606727611113156
2019-03-23,8.208215185889035
2019-03-30,7.328258360632933
2019-04-06,11.068279641305523
2019-04-13,9.453369674560363
2019-04-20,8.796922489778414
2019-04-27,10.111576030287628
2019-05-04,10.59615002445604
2019-05-11,5.634006910211209
2019-05-18,5.402199809670782
2019-05-25,3.848485022475079
2019-06-01,0.6377464020189683
2019-06-08,3.393632224176124
2019-06-15,3.8609064329000686
2019-06-22,7.099404926697894
2019-06-29,8.217787973966196
2019-07-06,8.355249184309255
2019-07-13,7.584307216751096
2019-07-20,6.238066707237255
2019-07-27,7.344918584427518
2019-08-03,3.2284735338626858
2019-08-10,3.013111029059168
2019-08-17,1.3525716515797592
2019-08-24,-0.9594020414905535
2019-08-31,0.8595474523136026
2019-09-07,3.727087692385256
2019-09-14,3.5253224737490374
2019-09-21,2.129937779626667
2019-09-28,1.6407133512996497
2019-10-05,2.3024892770677097
2019-10-12,7.341185463700728
2019-10-19,7.891520264003327
2019-10-26,13.685691654191912
2019-11-02,12.627332710876637
2019-11-09,11.221465124667972
2019-11-16,14.04064433202632
2019-11-23,18.146973661977594
2019-11-30,13.796616490011715
2019-12-07,19.476423761086604
2019-12-14,21.879271075962524
2019-12-21,33.29442835442546
2019-12-28,30.344285092575408
2020-01-04,27.76172312600751
2020-01-11,25.77130508400145
2020-01-18,24.67172272120117
2020-01-25,23.66854645919778
2020-02-01,19.175475040607726
2020-02-08,22.88986605569898
2020-02-15,21.781229038132068
2020-02-22,19.51824216157394
2020-02-29,5.368997016174104
2020-03-07,8.35924869266169
2020-03-14,-3.9490080251690207
2020-03-21,-17.70229855920321
2020-03-28,-10.334813072721417
2020-04-04,-13.969111958032732
2020-04-11,-4.044487956797482
2020-04-18,-1.0488693884689315
2020-04-25,-3.5083029473794047
2020-05-02,-3.9016966035191225
2020-05-09,1.6797441564777582
2020-05-16,0.14582542698546863
2020-05-23,4.578455160026196
2020-05-30,10.619317666684003
2020-06-06,11.15739292752329
2020-06-13,5.345727340303275
2020-06-20,4.991765055170494
2020-06-27,2.287407498882321
2020-07-04,4.668259595146229
2020-07-11,5.682916029468266
2020-07-18,8.33565243994212
2020-07-25,6.271597782235694
2020-08-01,11.564266049786355
2020-08-08,14.822953811819373
2020-08-15,16.76094885807029
2020-08-22,19.31958315393649
2020-08-29,19.872134134438113
2020-09-05,15.048460772559435
2020-09-12,11.092013009295387
2020-09-19,10.942253853141604
2020-09-26,11.367109667961707
2020-10-03,13.428474524070054
2020-10-10,17.064774236480563
2020-10-17,16.663656672641693
2020-10-24,14.651199702108952
2020-10-31,6.620672098205516
2020-11-07,13.461011443765925
2020-11-14,14.89171299178087
2020-11-21,14.379687887075953
2020-11-28,15.834870654389665
2020-12-05,17.5850618909551
2020-12-12,15.61032266116975
2020-12-19,15.155436320596527
2020-12-26,14.291270926452192
2021-01-02,16.112646798711474
2021-01-09,17.129245479247125
2021-01-16,13.173571379758675
2021-01-23,16.56819831022478
2021-01-30,15.151664467863025
2021-02-06,16.80194859981072
2021-02-13,16.409583582969756
2021-02-20,17.046212596434728
2021-02-27,29.006977819484092
2021-03-06,29.255099127478434
2021-03-13,45.45595604168389
2021-03-20,69.77162896284187
2021-03-27,56.38744840108816
2021-04-03,61.52814879271222
2021-04-10,47.99520053332853
2021-04-17,45.603853442926635
2021-04-24,47.35823291050476
2021-05-01,47.70746489655346
2021-05-08,44.467200051731346
2021-05-15,45.75025906426542
2021-05-22,40.61682423799451
2021-05-29,38.0972956881811
2021-06-05,32.43528277860446
2021-06-12,39.658234759865095
2021-06-19,34.4996742285419
2021-06-26,42.26085062890925
2021-07-03,39.05194648485815
2021-07-10,37.18979199940149
2021-07-17,34.18674377260571
2021-07-24,37.198315721702315
2021-07-31,34.365587571392275
2021-08-07,32.382850157170154
2021-08-14,32.46956937412533
2021-08-21,30.746565860571007
2021-08-28,28.54496152047119
2021-09-04,32.345584059304564
2021-09-11,33.45166575043079
2021-09-18,33.545122368918754
2021-09-25,35.07758266686365
2021-10-02,30.12227082386689
2021-10-09,26.2917219155667
2021-10-16,28.34712690944987
2021-10-23,31.151184808313403
2021-10-30,40.83902976879674
2021-11-06,33.85411528866131
2021-11-13,30.617972057315956
2021-11-20,32.056418461997936
2021-11-27,26.283067705531128
2021-12-04,22.689451329087706
2021-12-11,28.622124160609562
2021-12-18,24.56536878371578
2021-12-25,27.618509132610058
2022-01-01,26.89273866137125
2022-01-08,22.28552110895208
2022-01-15,23.740465671233334
2022-01-22,14.485860229209901
2022-01-29,19.32050996458612
2022-02-05,15.789208550307855
2022-02-12,12.295576911526807
2022-02-19,11.317967309349331
2022-02-26,15.047951791329783
2022-03-05,12.67407047500646
2022-03-12,6.617992992907773
2022-03-19,14.055863785868517
2022-03-26,14.304045598829852
2022-04-02,13.084744799211535
2022-04-09,8.706645937655445
2022-04-16,4.948539071469238
2022-04-23,2.1915344350441845
2022-04-30,-1.177654747685286
2022-05-07,-2.581397991432066
2022-05-14,-3.5928507629522266
2022-05-21,-6.12387722954727
2022-05-28,-1.091066370716809
2022-06-04,-2.86887114638833
2022-06-11,-8.159734775899597
2022-06-18,-11.799255586325385
2022-06-25,-8.619155470923845
2022-07-02,-12.108653840112938
2022-07-09,-10.760145618906048
2022-07-16,-10.72297366831776
2022-07-23,-10.20357161751193
2022-07-30,-6.028533936374103
2022-08-06,-6.566635039230162
2022-08-13,-4.204344173147945
2022-08-20,-4.799770022448091
2022-08-27,-10.017146371650176
2022-09-03,-13.475461914929554
2022-09-10,-8.774541756523702
2022-09-17,-12.624890348509998
2022-09-24,-17.108145549782172
2022-10-01,-17.70513731705311
2022-10-08,-17.11732542655422
2022-10-15,-19.866394987379554
2022-10-22,-17.42942461582593
2022-10-29,-15.293414270716422
2022-11-05,-19.73334451773554
2022-11-12,-14.732911616387801
2022-11-19,-15.594425647269183
2022-11-26,-12.373166562200911
2022-12-03,-10.283957371428142
2022-12-10,-16.503328370750626
2022-12-17,-16.627134045596826
2022-12-24,-18.641750128998357
2022-12-31,-19.442827203429268
2023-01-07,-16.71893793605863
2023-01-14,-14.235070737085442
2023-01-21,-9.671115105050188
2023-01-28,-8.152126789070902
2023-02-04,-8.089043336369361
2023-02-11,-7.427175909938533
2023-02-18,-6.203451058026699
2023-02-25,-9.455939984162164
2023-03-04,-6.542821035097068
2023-03-11,-8.151634059495539
2023-03-18,-12.244353955540577
2023-03-25,-12.592174899322206
2023-04-01,-9.603239383019469
2023-04-08,-8.539123761680944
2023-04-15,-5.804086338586911
2023-04-22,-3.2365845754837475
2023-04-29,0.9087715205739144
2023-05-06,0.3130994955356181
2023-05-13,2.4898838741008067
2023-05-20,7.449193743843474
2023-05-27,1.1353351003443368
2023-06-03,4.2309452134404735
2023-06-10,10.2028718000456
2023-06-17,19.99406064717022
2023-06-24,11.161020133765742
2023-07-01,16.33976132574344
2023-07-08,12.811532282401682
2023-07-15,16.625250426533245
2023-07-22,14.506906953394981
2023-07-29,10.942087290044933
2023-08-05,8.029543843703447
2023-08-12,4.296576207367142
2023-08-19,3.339970417764482
2023-08-26,8.5776052297885
2023-09-02,15.07316050143559
2023-09-09,9.59172821312868
2023-09-16,14.896477564676314
2023-09-23,16.97240847279815
2023-09-30,19.59018703997495
2023-10-07,18.376444614106724
2023-10-14,20.784123742739546
2023-10-21,12.56172556791686
2023-10-28,5.544904598872669
2023-11-04,15.588966790258052
2023-11-11,10.576451627360651
2023-11-18,13.83689467937912
2023-11-25,13.244009394706978
2023-12-02,12.843037009397529
2023-12-09,17.029119056395125
2023-12-16,22.50126701069195
2023-12-23,23.663261174178963
2023-12-30,24.230500797629894
2024-01-06,20.5941890836848
2024-01-13,19.62296354889812
2024-01-20,21.82947552672534
2024-01-27,20.15472427480718
2024-02-03,19.87510846648255
2024-02-10,22.886176891686084
2024-02-17,22.712902053291618
2024-02-24,28.180062533807295
2024-03-02,26.97818428054266
2024-03-09,32.68342379149416
2024-03-16,30.649995508820705
2024-03-23,31.810460078050195
2024-03-30,27.864532554994035
2024-04-06,26.779889476502007
2024-04-13,23.82445033784377
2024-04-20,20.169491305186526
2024-04-27,22.31645156775981
2024-05-04,23.97195621789061
2024-05-11,26.638670366355367
2024-05-18,26.50990806826885
2024-05-25,26.13917579517464
2024-06-01,23.23805792599427
2024-06-08,24.38158964069439
2024-06-15,23.176991287632156
2024-06-22,25.671695087688562
2024-06-29,22.69694103097326
2024-07-06,26.557239664559518
2024-07-13,24.635443422093605
2024-07-20,21.35334189268434
2024-07-27,19.136318363003646
2024-08-03,19.39536615670803
2024-08-10,19.715513716677968
2024-08-17,27.10797855353224
2024-08-24,27.89334552749927
2024-08-31,25.08165557399378
2024-09-07,21.333298279975544
2024-09-14,26.41833040659933
2024-09-21,32.00163255470512
2024-09-28,33.817706958587436
2024-10-05,33.481950196559126
2024-10-12,34.3651958702031
2024-10-19,38.836353380156005
2024-10-26,41.06383326925489
2024-11-02,31.444541042451846
2024-11-09,35.791932506503784
2024-11-16,30.053036800601607
2024-11-23,30.92552975477021
2024-11-30,31.291965548265523
2024-12-07,32.271513030568144
2024-12-14,28.2230619848046
2024-12-21,24.73841800169694
2024-12-28,25.179298758104007
2025-01-04,26.509821051007766
2025-01-11,21.807002838745927
2025-01-18,23.90279956549335
2025-01-25,24.744988547633472
2025-02-01,21.81901685564478
2025-02-08,19.881797041662153
2025-02-15,22.15651958799412
2025-02-22,18.164009463951825
2025-03-01,15.91215066620788
2025-03-08,12.618059665975977
2025-03-15,10.198181263001205
2025-03-22,8.279804444213923
2025-03-29,6.21560873714293
2025-04-05,-2.502906603638344
2025-04-12,4.683398356044899
2025-04-19,6.351028965523753
2025-04-26,8.338300756420614
2025-05-03,10.899039909104369
2025-05-10,8.371754841437241
2025-05-17,12.35294188054854
2025-05-24,9.389743270176808
2025-05-31,12.016655656650332
2025-06-07,12.219390727625324
2025-06-14,10.040689803780456
2025-06-21,9.20868634545624
2025-06-28,13.049948837809456
2025-07-05,12.792093744696476
2025-07-12,11.475685240225907
2025-07-19,14.383106976612181
2025-07-26,17.027349241344346
2025-08-02,16.673331960395466
2025-08-09,19.55948191111063
2025-08-16,16.12368555047936
2025-08-23,14.771214212940542
2025-08-30,14.373271675477085
2025-09-06,19.840916452969925
2025-09-13,17.032822780660695
2025-09-20,16.866315797946065
2025-09-27,15.780820118021355
2025-10-04,16.77462184133369
2025-10-11,12.682307876586973
2025-10-18,13.629749915992573
2025-10-25,16.934391926712244
2025-11-01,19.40023091251355
2025-11-08,12.230087045497529
2025-11-15,14.708663290368573
2025-11-22,10.615083195312502
2025-11-29,13.538768724835704
2025-12-06,12.809446548521741
2025-12-13,12.829429615920173
2025-12-20,15.236431328804855
2025-12-27,16.063068559110526
2026-01-03,15.414465144678635
2026-01-10,19.55091673399656
2026-01-17,15.73125014249468
2026-01-24,13.347607988258027
2026-01-31,14.874523128880801
2026-02-07,15.040010605103472
2026-02-14,11.800224263624903
2026-02-21,14.907043424667222
2026-02-28,15.524055467503572
2026-03-07,16.807386076597417
2026-03-14,17.61412624217986
2026-03-21,14.80213554337093
2026-03-28,14.117875564370742
2026-04-04,29.731692051630354
2026-04-11,27.101114049584663
2026-04-18,34.89427366930493
2026-04-25,29.67977920805116
2026-05-02,27.14154710079597
2026-05-09,30.725223042823814
2026-05-16,24.33749015181972
2026-05-23,28.79031990020342
2026-05-30,28.221542972036097
2026-06-06,23.0549567461652
2026-06-13,24.334900356062317
2026-06-20,25.683333911519224
2026-06-27,19.130679369270844
2026-07-04,19.17220919356126
2026-07-11,21.017454957765878
2026-07-18,18.43637623522525
2026-07-25,16.018116873860965
2026-08-01,20.06586229018734
2026-08-08,21.413265611022325
2026-08-15,19.820776292868825
